id,user_uuid,hour,age,weight,height,gender,at,rh,met,cl,hr,st,ati(-3-2),ati(0-5)
1,1b5d595c-1bb9-4f20-a78a-217958689877,21,19,74,170,1,25.33358,55.03636,1.192368839,0.54,74,31,0,3
2,1b5d595c-1bb9-4f20-a78a-217958689877,21,19,74,170,1,25.2573745,58.3366765,1.169438669,0.54,73,32,-1,2
3,1b5d595c-1bb9-4f20-a78a-217958689877,21,19,74,170,1,25.311282,59.00144,1.207590569,0.54,92,32,0,3
4,1b5d595c-1bb9-4f20-a78a-217958689877,22,19,74,170,1,25.334916,58.009603,1.113437381,0.54,72,32,-1,2
5,1b5d595c-1bb9-4f20-a78a-217958689877,22,19,74,170,1,25.333581,56.980052,1.184626185,0.54,77,32,-1,2
6,1b5d595c-1bb9-4f20-a78a-217958689877,22,19,74,170,1,25.1385505,55.5704215,1.146804373,0.54,77,33,1,4
7,1b5d595c-1bb9-4f20-a78a-217958689877,22,19,74,170,1,25.1385505,55.5704215,1.136650669,0.54,79,33,0,3
8,1b5d595c-1bb9-4f20-a78a-217958689877,22,19,74,170,1,25.1918955,54.5402515,1.184330398,0.54,79,33,1,4
9,1b5d595c-1bb9-4f20-a78a-217958689877,22,19,74,170,1,25.261325,53.424551,1.234368697,0.54,83,32,1,4
10,1b5d595c-1bb9-4f20-a78a-217958689877,23,19,74,170,1,25.218705,53.0346485,1.174277726,0.54,80,32,0,3
11,1b5d595c-1bb9-4f20-a78a-217958689877,23,19,74,170,1,25.1772165,53.51791,1.18174855,0.54,73,32,-1,2
12,1b5d595c-1bb9-4f20-a78a-217958689877,23,19,74,170,1,25.132626,52.5148465,1.190701191,0.54,76,33,0,3
13,1b5d595c-1bb9-4f20-a78a-217958689877,23,19,74,170,1,24.8402255,51.927384,1.108615318,0.54,74,33,1,4
14,1b5d595c-1bb9-4f20-a78a-217958689877,21,19,74,170,1,27.493837,56.5722335,1.216216216,0.54,70,33,-1,2
15,1b5d595c-1bb9-4f20-a78a-217958689877,21,19,74,170,1,27.2658585,55.8604025,1.220283829,0.54,82,33,1,4
16,1b5d595c-1bb9-4f20-a78a-217958689877,21,19,74,170,1,27.1234955,56.042713,1.140202703,0.54,85,33,0,3
17,1b5d595c-1bb9-4f20-a78a-217958689877,21,19,74,170,1,27.025754,55.5366025,1.126995722,0.54,72,33,0,3
18,1b5d595c-1bb9-4f20-a78a-217958689877,21,19,74,170,1,26.97779,56.122406,1.190181007,0.54,69,33,1,4
19,1b5d595c-1bb9-4f20-a78a-217958689877,22,19,74,170,1,27.003585,57.644508,1.121582678,0.54,75,33,0,3
20,1b5d595c-1bb9-4f20-a78a-217958689877,22,19,74,170,1,27.079135,58.056423,1.141574788,0.54,70,33,1,4
21,1b5d595c-1bb9-4f20-a78a-217958689877,22,19,74,170,1,27.063081,57.2764775,1.182945864,0.54,89,33,0,3
22,1b5d595c-1bb9-4f20-a78a-217958689877,22,19,74,170,1,27.0788,57.7474435,1.158301158,0.54,71,33,-1,2
23,1b5d595c-1bb9-4f20-a78a-217958689877,22,19,74,170,1,27.057805,57.7736985,1.15506568,0.54,77,33,1,4
24,1b5d595c-1bb9-4f20-a78a-217958689877,22,19,74,170,1,27.100042,57.6500935,1.235219595,0.54,78,34,0,3
25,1b5d595c-1bb9-4f20-a78a-217958689877,23,19,74,170,1,27.281264,59.8044985,1.10231077,0.54,78,34,0,3
26,1b5d595c-1bb9-4f20-a78a-217958689877,23,19,74,170,1,27.4536885,60.963718,1.150474799,0.54,81,33,0,3
27,1b5d595c-1bb9-4f20-a78a-217958689877,19,19,74,170,1,29.8827135,54.955048,1.196979053,0.54,89,32,0,3
28,1b5d595c-1bb9-4f20-a78a-217958689877,20,19,74,170,1,26.6031465,54.8335955,1.182432432,0.54,90,32,0,3
29,1b5d595c-1bb9-4f20-a78a-217958689877,20,19,74,170,1,27.013771,59.710685,1.265949965,0.54,82,32,0,3
30,1b5d595c-1bb9-4f20-a78a-217958689877,20,19,74,170,1,27.218237,60.414875,1.154374714,0.54,80,32,0,3
31,1b5d595c-1bb9-4f20-a78a-217958689877,20,19,74,170,1,27.172043,60.3770925,1.090165796,0.54,85,32,0,3
32,1b5d595c-1bb9-4f20-a78a-217958689877,21,19,74,170,1,27.2947135,61.801855,1.216216216,0.54,86,32,0,3
33,1b5d595c-1bb9-4f20-a78a-217958689877,21,19,74,170,1,27.455414,62.985673,1.129343629,0.54,80,32,0,3
34,1b5d595c-1bb9-4f20-a78a-217958689877,21,19,74,170,1,27.7383665,64.0955505,1.154073782,0.54,87,32,1,4
35,1b5d595c-1bb9-4f20-a78a-217958689877,21,19,74,170,1,27.901252,64.441825,1.176983435,0.54,78,32,0,3
36,1b5d595c-1bb9-4f20-a78a-217958689877,21,19,74,170,1,27.901252,64.441825,1.158301158,0.54,71,32,1,4
37,1b5d595c-1bb9-4f20-a78a-217958689877,21,19,74,170,1,27.9266255,64.534175,1.164462335,0.54,76,32,0,3
38,1b5d595c-1bb9-4f20-a78a-217958689877,22,19,74,170,1,27.968009,65.142767,1.131363922,0.54,75,32,0,3
39,1b5d595c-1bb9-4f20-a78a-217958689877,22,19,74,170,1,28.0009915,63.8409075,1.158301158,0.54,75,32,0,3
40,1b5d595c-1bb9-4f20-a78a-217958689877,22,19,74,170,1,27.844059,59.8524305,1.178101178,0.54,72,31,0,3
41,1b5d595c-1bb9-4f20-a78a-217958689877,22,19,74,170,1,27.7044715,58.3099325,1.183345508,0.54,76,31,0,3
42,1b5d595c-1bb9-4f20-a78a-217958689877,22,19,74,170,1,27.5558985,56.694733,1.149180677,0.54,87,31,-1,2
43,1b5d595c-1bb9-4f20-a78a-217958689877,22,19,74,170,1,27.4189365,55.683585,1.189189189,0.54,74,32,1,4
44,1b5d595c-1bb9-4f20-a78a-217958689877,23,19,74,170,1,27.4380625,56.720244,1.123896173,0.54,87,33,2,5
45,1b5d595c-1bb9-4f20-a78a-217958689877,23,19,74,170,1,27.804409,59.706589,1.147373789,0.54,97,34,2,5
46,1b5d595c-1bb9-4f20-a78a-217958689877,23,19,74,170,1,28.118435,62.4127815,1.179911255,0.54,72,33,1,4
47,1b5d595c-1bb9-4f20-a78a-217958689877,23,19,74,170,1,28.415603,65.366805,1.117371789,0.54,64,33,0,3
48,1b5d595c-1bb9-4f20-a78a-217958689877,23,19,74,170,1,28.415603,65.366805,1.18174855,0.54,73,33,0,3
49,1b5d595c-1bb9-4f20-a78a-217958689877,21,19,74,170,1,25.911665,58.2351815,1.192368839,0.54,75,31,0,3
50,1b5d595c-1bb9-4f20-a78a-217958689877,21,19,74,170,1,25.8903545,57.1923255,1.161990015,0.54,68,32,0,3
51,1b5d595c-1bb9-4f20-a78a-217958689877,21,19,74,170,1,25.9371985,59.2331175,1.190701191,0.54,78,32,0,3
52,1b5d595c-1bb9-4f20-a78a-217958689877,21,19,74,170,1,25.9793635,58.0094765,1.172256594,0.47,77,32,0,3
53,1b5d595c-1bb9-4f20-a78a-217958689877,21,19,74,170,1,25.9831925,56.8139725,1.173541963,0.47,76,32,-1,2
54,1b5d595c-1bb9-4f20-a78a-217958689877,22,19,74,170,1,25.96955,55.8743,1.11515527,0.47,73,32,0,3
55,1b5d595c-1bb9-4f20-a78a-217958689877,22,19,74,170,1,25.9298515,54.1398925,1.174277726,0.47,74,32,0,3
56,1b5d595c-1bb9-4f20-a78a-217958689877,22,19,74,170,1,25.799627,52.8988555,1.211556384,0.47,79,32,0,3
57,1b5d595c-1bb9-4f20-a78a-217958689877,22,19,74,170,1,25.6792825,52.643145,1.124233477,0.47,74,32,1,4
58,1b5d595c-1bb9-4f20-a78a-217958689877,22,19,74,170,1,25.7351975,53.232544,1.184626185,0.47,72,32,0,3
59,1b5d595c-1bb9-4f20-a78a-217958689877,22,19,74,170,1,26.0274955,55.637695,1.176983435,0.47,80,32,0,3
60,1b5d595c-1bb9-4f20-a78a-217958689877,23,19,74,170,1,26.0070485,55.012745,1.109252575,0.47,72,32,0,3
61,1b5d595c-1bb9-4f20-a78a-217958689877,23,19,74,170,1,25.9219965,54.356421,1.158301158,0.47,76,32,0,3
62,1b5d595c-1bb9-4f20-a78a-217958689877,21,19,74,170,1,25.0002695,55.0261805,1.214192562,0.47,77,32,0,3
63,1b5d595c-1bb9-4f20-a78a-217958689877,21,19,74,170,1,25.2520115,56.8144095,1.204174472,0.47,89,32,0,3
64,1b5d595c-1bb9-4f20-a78a-217958689877,21,19,74,170,1,25.382122,56.1484475,1.193831869,0.47,80,32,0,3
65,1b5d595c-1bb9-4f20-a78a-217958689877,21,19,74,170,1,25.4670785,55.203004,1.184626185,0.47,86,32,0,3
66,1b5d595c-1bb9-4f20-a78a-217958689877,21,19,74,170,1,25.545541,53.9967555,1.148050706,0.47,91,32,0,3
67,1b5d595c-1bb9-4f20-a78a-217958689877,22,19,74,170,1,25.5802565,52.0679225,1.249866467,0.47,87,32,0,3
68,1b5d595c-1bb9-4f20-a78a-217958689877,22,19,74,170,1,25.5678365,50.461133,1.095690285,0.47,79,32,-1,2
69,1b5d595c-1bb9-4f20-a78a-217958689877,22,19,74,170,1,25.570094,49.989304,1.071556138,0.47,80,33,0,3
70,1b5d595c-1bb9-4f20-a78a-217958689877,22,19,74,170,1,25.6065075,49.981285,1.226436521,0.47,81,33,0,3
71,1b5d595c-1bb9-4f20-a78a-217958689877,22,19,74,170,1,25.587876,49.895956,1.208161804,0.47,78,32,0,3
72,1b5d595c-1bb9-4f20-a78a-217958689877,22,19,74,170,1,25.477237,49.985902,1.110966736,0.47,85,32,0,3
73,1b5d595c-1bb9-4f20-a78a-217958689877,23,19,74,170,1,25.477237,49.985902,1.208662078,0.47,89,32,0,3
74,1b5d595c-1bb9-4f20-a78a-217958689877,20,19,74,170,1,25.063759,47.8803905,1.109252575,0.47,82,32,0,3
75,1b5d595c-1bb9-4f20-a78a-217958689877,20,19,74,170,1,27.2939225,55.9996,1.165702444,0.47,75,33,0,3
76,1b5d595c-1bb9-4f20-a78a-217958689877,20,19,74,170,1,27.1598765,56.843112,1.105651106,0.47,75,30,0,3
77,1b5d595c-1bb9-4f20-a78a-217958689877,20,19,74,170,1,27.056451,56.241779,1.259297445,0.47,73,32,0,3
78,1b5d595c-1bb9-4f20-a78a-217958689877,20,19,74,170,1,26.9710865,54.843413,1.073131955,0.47,74,32,0,3
79,1b5d595c-1bb9-4f20-a78a-217958689877,20,19,74,170,1,26.8528335,53.5027135,1.133391456,0.47,77,32,0,3
80,1b5d595c-1bb9-4f20-a78a-217958689877,21,19,74,170,1,26.6747425,52.437178,1.181467181,0.47,70,32,-1,2
81,1b5d595c-1bb9-4f20-a78a-217958689877,21,19,74,170,1,26.630663,54.1848145,1.226436521,0.47,79,32,0,3
82,1b5d595c-1bb9-4f20-a78a-217958689877,21,19,74,170,1,26.807193,56.6537515,1.117604091,0.47,75,32,0,3
83,1b5d595c-1bb9-4f20-a78a-217958689877,21,19,74,170,1,26.7998,55.12685,1.158301158,0.47,76,32,0,3
84,1b5d595c-1bb9-4f20-a78a-217958689877,21,19,74,170,1,26.7701285,54.446697,1.173198922,0.47,72,31,0,3
85,1b5d595c-1bb9-4f20-a78a-217958689877,21,19,74,170,1,26.771054,54.9410935,1.168417326,0.47,76,31,0,3
86,1b5d595c-1bb9-4f20-a78a-217958689877,22,19,74,170,1,26.753232,54.2427235,1.131363922,0.47,80,31,0,3
87,1b5d595c-1bb9-4f20-a78a-217958689877,22,19,74,170,1,26.685393,52.6072695,1.171171171,0.47,72,31,-2,1
88,1b5d595c-1bb9-4f20-a78a-217958689877,22,19,74,170,1,26.5932215,50.9541035,1.1213341,0.47,78,30,0,3
89,1b5d595c-1bb9-4f20-a78a-217958689877,22,19,74,170,1,25.177969,54.785082,1.125324613,0.54,81,31,0,3
90,1b5d595c-1bb9-4f20-a78a-217958689877,22,19,74,170,1,25.3915785,57.95022,1.186552406,0.54,77,32,0,3
91,1b5d595c-1bb9-4f20-a78a-217958689877,22,19,74,170,1,25.638854,60.888809,1.151848227,0.54,78,32,0,3
92,1b5d595c-1bb9-4f20-a78a-217958689877,22,19,74,170,1,25.8134335,61.478813,1.137468404,0.54,79,32,0,3
93,1b5d595c-1bb9-4f20-a78a-217958689877,23,19,74,170,1,25.8983395,62.2436615,1.192368839,0.54,101,32,0,3
94,1b5d595c-1bb9-4f20-a78a-217958689877,23,19,74,170,1,26.103605,63.8303615,1.110699741,0.54,96,32,0,3
95,1b5d595c-1bb9-4f20-a78a-217958689877,23,19,74,170,1,26.243928,63.733728,1.21942523,0.54,79,33,0,3
96,1b5d595c-1bb9-4f20-a78a-217958689877,23,19,74,170,1,26.349392,63.6197085,1.124233477,0.54,87,33,0,3
97,1b5d595c-1bb9-4f20-a78a-217958689877,23,19,74,170,1,26.4828575,63.546591,1.175798155,0.54,86,33,0,3
98,1b5d595c-1bb9-4f20-a78a-217958689877,23,19,74,170,1,26.5775965,63.436815,1.097337939,0.54,78,33,0,3
99,1b5d595c-1bb9-4f20-a78a-217958689877,21,19,74,170,1,26.8186125,65.131175,1.101101101,0.54,78,34,0,3
100,1b5d595c-1bb9-4f20-a78a-217958689877,21,19,74,170,1,28.847177,74.9284,1.166530651,0.54,81,33,0,3
101,1b5d595c-1bb9-4f20-a78a-217958689877,21,19,74,170,1,28.678399,73.0357025,1.13376088,0.54,79,33,1,4
102,1b5d595c-1bb9-4f20-a78a-217958689877,22,19,74,170,1,28.572277,71.8547575,1.122661123,0.54,79,33,0,3
103,1b5d595c-1bb9-4f20-a78a-217958689877,22,19,74,170,1,28.572277,71.8547575,1.223865375,0.54,80,33,0,3
104,1b5d595c-1bb9-4f20-a78a-217958689877,22,19,74,170,1,28.511592,70.996455,1.176983435,0.54,78,33,2,5
105,1b5d595c-1bb9-4f20-a78a-217958689877,22,19,74,170,1,28.4822415,70.3853,1.062713199,0.54,81,33,2,5
106,1b5d595c-1bb9-4f20-a78a-217958689877,22,19,74,170,1,28.3741425,68.55083,1.158301158,0.54,73,32,0,3
107,1b5d595c-1bb9-4f20-a78a-217958689877,23,19,74,170,1,28.336324,68.14808,1.23683005,0.54,77,31,0,3
108,1b5d595c-1bb9-4f20-a78a-217958689877,23,19,74,170,1,28.298218,67.90153,1.158301158,0.54,80,31,0,3
109,1b5d595c-1bb9-4f20-a78a-217958689877,23,19,74,170,1,28.2953965,67.82323,1.137468404,0.54,85,31,0,3
110,1b5d595c-1bb9-4f20-a78a-217958689877,21,19,74,170,1,25.631404,55.7925875,1.095690285,0.54,80,31,0,3
111,1b5d595c-1bb9-4f20-a78a-217958689877,22,19,74,170,1,25.7735885,56.436555,1.194498069,0.47,77,32,0,3
112,1b5d595c-1bb9-4f20-a78a-217958689877,22,19,74,170,1,25.7445195,54.7930235,1.08914885,0.47,74,32,0,3
113,1b5d595c-1bb9-4f20-a78a-217958689877,22,19,74,170,1,25.818182,52.2456085,1.231611358,0.47,79,31,0,3
114,1b5d595c-1bb9-4f20-a78a-217958689877,22,19,74,170,1,25.7137535,51.5834585,1.110699741,0.47,72,31,-1,2
115,1b5d595c-1bb9-4f20-a78a-217958689877,22,19,74,170,1,25.7137535,51.5834585,1.164462335,0.47,74,31,0,3
116,1b5d595c-1bb9-4f20-a78a-217958689877,22,19,74,170,1,25.70049,50.57999,1.166234728,0.47,78,31,-1,2
117,1b5d595c-1bb9-4f20-a78a-217958689877,14,19,74,170,1,28.484783,62.100775,1.180383156,0.54,79,33,0,3
118,1b5d595c-1bb9-4f20-a78a-217958689877,14,19,74,170,1,28.3730165,60.87586,1.125324613,0.54,82,33,0,3
119,1b5d595c-1bb9-4f20-a78a-217958689877,14,19,74,170,1,28.6075545,63.505392,1.19487909,0.54,79,33,0,3
120,1b5d595c-1bb9-4f20-a78a-217958689877,14,19,74,170,1,28.902501,65.43924,1.141574788,0.54,81,33,0,3
121,1b5d595c-1bb9-4f20-a78a-217958689877,15,19,74,170,1,29.103733,66.936215,1.150474799,0.54,76,33,0,3
122,1b5d595c-1bb9-4f20-a78a-217958689877,15,19,74,170,1,29.2471085,68.00774,1.09322806,0.54,80,33,0,3
123,1b5d595c-1bb9-4f20-a78a-217958689877,15,19,74,170,1,29.392747,69.369175,1.206689718,0.54,86,34,0,3
124,1b5d595c-1bb9-4f20-a78a-217958689877,15,19,74,170,1,29.530482,70.122685,1.265949965,0.54,87,34,0,3
125,1b5d595c-1bb9-4f20-a78a-217958689877,15,19,74,170,1,29.63293,70.7139575,1.153308481,0.54,80,33,0,3
126,1b5d595c-1bb9-4f20-a78a-217958689877,15,19,74,170,1,29.8285235,72.3322,1.142185664,0.54,82,33,0,3
127,1b5d595c-1bb9-4f20-a78a-217958689877,16,19,74,170,1,29.8945665,73.16501,1.118359739,0.54,77,33,0,3
128,1b5d595c-1bb9-4f20-a78a-217958689877,16,19,74,170,1,29.8945665,73.16501,1.118359739,0.54,77,33,0,3
129,1b5d595c-1bb9-4f20-a78a-217958689877,22,19,74,170,1,28.5444625,56.432392,1.109530583,0.54,79,33,0,3
130,1b5d595c-1bb9-4f20-a78a-217958689877,22,19,74,170,1,28.37107,56.8575235,1.062713199,0.54,76,34,0,3
131,1b5d595c-1bb9-4f20-a78a-217958689877,22,19,74,170,1,28.360346,59.7325335,1.1213341,0.54,79,33,0,3
132,1b5d595c-1bb9-4f20-a78a-217958689877,22,19,74,170,1,28.3064205,59.7399485,1.196278245,0.54,82,33,-1,2
133,1b5d595c-1bb9-4f20-a78a-217958689877,23,19,74,170,1,28.0466375,57.201478,1.197505198,0.54,76,34,1,4
134,1b5d595c-1bb9-4f20-a78a-217958689877,23,19,74,170,1,28.105327,56.135485,1.105651106,0.54,79,33,-1,2
135,1b5d595c-1bb9-4f20-a78a-217958689877,23,19,74,170,1,28.141077,55.228857,1.184330398,0.54,81,34,0,3
136,1b5d595c-1bb9-4f20-a78a-217958689877,23,19,74,170,1,28.141077,55.228857,1.120199147,0.54,71,34,-1,2
137,1b5d595c-1bb9-4f20-a78a-217958689877,23,19,74,170,1,28.1357115,54.273276,1.186552406,0.54,71,34,-1,2
138,1b5d595c-1bb9-4f20-a78a-217958689877,23,19,74,170,1,28.1279695,52.839585,1.075565361,0.54,76,34,-1,2
139,1b5d595c-1bb9-4f20-a78a-217958689877,21,19,74,170,1,29.1373215,66.76326,1.120199147,0.54,69,32,0,3
140,1b5d595c-1bb9-4f20-a78a-217958689877,22,19,74,170,1,28.6225175,62.489454,1.116526362,0.54,72,32,-1,2
141,1b5d595c-1bb9-4f20-a78a-217958689877,22,19,74,170,1,28.4589545,60.028595,1.193831869,0.54,80,32,1,4
142,1b5d595c-1bb9-4f20-a78a-217958689877,22,19,74,170,1,28.3294515,58.971731,1.125324613,0.54,78,33,0,3
143,1b5d595c-1bb9-4f20-a78a-217958689877,22,19,74,170,1,28.1854665,57.5850965,1.096588392,0.54,76,33,1,4
144,1b5d595c-1bb9-4f20-a78a-217958689877,22,19,74,170,1,27.619985,55.16524,1.170689406,0.54,72,33,0,3
145,1b5d595c-1bb9-4f20-a78a-217958689877,22,19,74,170,1,27.619985,55.16524,1.211169676,0.54,75,33,0,3
146,1b5d595c-1bb9-4f20-a78a-217958689877,23,19,74,170,1,27.349981,54.1564425,1.142753492,0.54,77,33,1,4
147,1b5d595c-1bb9-4f20-a78a-217958689877,23,19,74,170,1,27.174626,53.4841,1.241036955,0.54,84,33,0,3
148,1b5d595c-1bb9-4f20-a78a-217958689877,23,19,74,170,1,26.985326,52.9763645,1.105651106,0.54,75,31,0,3
149,1b5d595c-1bb9-4f20-a78a-217958689877,23,19,74,170,1,26.8949675,53.1735835,1.216216216,0.54,77,31,1,4
150,1b5d595c-1bb9-4f20-a78a-217958689877,23,19,74,170,1,26.797369,52.5302335,1.102072947,0.54,78,32,0,3
151,1b5d595c-1bb9-4f20-a78a-217958689877,22,19,74,170,1,26.797985,56.33866,1.125324613,0.54,80,31,0,3
152,1b5d595c-1bb9-4f20-a78a-217958689877,22,19,74,170,1,26.9449805,57.3015375,1.133391456,0.54,78,32,0,3
153,1b5d595c-1bb9-4f20-a78a-217958689877,23,19,74,170,1,27.0787305,56.4663415,1.146601147,0.54,70,33,-1,2
154,1b5d595c-1bb9-4f20-a78a-217958689877,23,19,74,170,1,27.080626,55.295903,1.242848688,0.54,80,33,-1,2
155,1b5d595c-1bb9-4f20-a78a-217958689877,23,19,74,170,1,27.047185,54.4809035,1.161373575,0.54,79,33,0,3
156,1b5d595c-1bb9-4f20-a78a-217958689877,23,19,74,170,1,26.9869365,52.7948075,1.11409119,0.54,88,33,-1,2
157,1b5d595c-1bb9-4f20-a78a-217958689877,23,19,74,170,1,26.9247955,51.5079075,1.162254405,0.54,77,33,0,3
158,1b5d595c-1bb9-4f20-a78a-217958689877,23,19,74,170,1,27.072108,54.9097185,1.138931574,0.54,78,33,0,3
159,1b5d595c-1bb9-4f20-a78a-217958689877,21,19,74,170,1,26.1659335,50.809042,1.174277726,0.54,74,33,0,3
160,1b5d595c-1bb9-4f20-a78a-217958689877,22,19,74,170,1,26.1889905,52.0614065,1.19487909,0.54,76,33,-1,2
161,1b5d595c-1bb9-4f20-a78a-217958689877,22,19,74,170,1,26.177529,51.2752955,1.175798155,0.54,76,33,-1,2
162,1b5d595c-1bb9-4f20-a78a-217958689877,22,19,74,170,1,26.144682,50.2734605,1.101798663,0.54,79,32,0,3
163,1b5d595c-1bb9-4f20-a78a-217958689877,22,19,74,170,1,26.061764,49.716275,1.179361179,0.54,81,32,0,3
164,1b5d595c-1bb9-4f20-a78a-217958689877,22,19,74,170,1,26.0682005,50.967831,1.196278245,0.54,80,32,0,3
165,1b5d595c-1bb9-4f20-a78a-217958689877,22,19,74,170,1,26.097292,51.232094,1.14987715,0.54,79,33,0,3
166,1b5d595c-1bb9-4f20-a78a-217958689877,23,19,74,170,1,26.0192655,50.085205,1.158301158,0.54,77,33,-1,2
167,1b5d595c-1bb9-4f20-a78a-217958689877,23,19,74,170,1,25.954648,49.2888875,1.221304987,0.54,78,33,1,4
168,1b5d595c-1bb9-4f20-a78a-217958689877,23,19,74,170,1,25.889762,48.8088075,1.158301158,0.54,73,32,0,3
169,1b5d595c-1bb9-4f20-a78a-217958689877,23,19,74,170,1,25.8114675,48.247856,1.117371789,0.54,72,32,0,3
170,1b5d595c-1bb9-4f20-a78a-217958689877,23,19,74,170,1,25.740415,48.2690275,1.175798155,0.54,71,32,0,3
171,1b5d595c-1bb9-4f20-a78a-217958689877,20,19,74,170,1,26.0071665,56.25586,1.135135135,0.54,82,32,0,3
172,1b5d595c-1bb9-4f20-a78a-217958689877,20,19,74,170,1,26.045023,55.895932,1.145710928,0.54,81,33,0,3
173,1b5d595c-1bb9-4f20-a78a-217958689877,21,19,74,170,1,26.002753,54.1891895,1.195602382,0.54,96,32,-1,2
174,1b5d595c-1bb9-4f20-a78a-217958689877,21,19,74,170,1,25.9387145,52.8143285,1.112877583,0.54,102,32,0,3
175,1b5d595c-1bb9-4f20-a78a-217958689877,21,19,74,170,1,25.832413,51.27207,1.200213371,0.54,85,33,0,3
176,1b5d595c-1bb9-4f20-a78a-217958689877,21,19,74,170,1,25.725792,50.181965,1.101101101,0.54,87,33,-1,2
177,1b5d595c-1bb9-4f20-a78a-217958689877,21,19,74,170,1,25.666803,49.662941,1.176983435,0.54,92,34,0,3
178,1b5d595c-1bb9-4f20-a78a-217958689877,21,19,74,170,1,25.626429,48.910547,1.208161804,0.54,89,34,-1,2
179,1b5d595c-1bb9-4f20-a78a-217958689877,22,19,74,170,1,25.586995,48.1556865,1.116526362,0.54,98,33,0,3
180,1b5d595c-1bb9-4f20-a78a-217958689877,22,19,74,170,1,25.4986705,47.50023,1.10231077,0.54,93,33,-1,2
181,1b5d595c-1bb9-4f20-a78a-217958689877,22,19,74,170,1,25.4333735,47.209193,1.276030128,0.54,95,33,0,3
182,1b5d595c-1bb9-4f20-a78a-217958689877,22,19,74,170,1,25.3570365,46.943511,1.173198922,0.54,93,34,0,3
183,1b5d595c-1bb9-4f20-a78a-217958689877,22,19,74,170,1,25.2437915,46.993997,1.154374714,0.54,93,34,0,3
184,1b5d595c-1bb9-4f20-a78a-217958689877,21,19,74,170,1,28.6793935,70.605922,1.149180677,0.54,79,33,0,3
185,1b5d595c-1bb9-4f20-a78a-217958689877,21,19,74,170,1,28.429721,67.439905,1.177933381,0.54,85,33,0,3
186,1b5d595c-1bb9-4f20-a78a-217958689877,21,19,74,170,1,28.0133925,61.9558315,1.169907382,0.54,81,33,-1,2
187,1b5d595c-1bb9-4f20-a78a-217958689877,22,19,74,170,1,27.8045285,59.3160015,1.167567568,0.54,78,34,0,3
188,1b5d595c-1bb9-4f20-a78a-217958689877,22,19,74,170,1,27.6278565,59.912987,1.136650669,0.54,88,34,-1,2
189,1b5d595c-1bb9-4f20-a78a-217958689877,22,19,74,170,1,27.5726245,59.8468,1.129343629,0.54,90,34,0,3
190,1b5d595c-1bb9-4f20-a78a-217958689877,22,19,74,170,1,27.425233,58.2383485,1.169438669,0.54,93,34,0,3
191,1b5d595c-1bb9-4f20-a78a-217958689877,22,19,74,170,1,27.4223115,59.996422,1.212175631,0.54,88,34,0,3
192,1b5d595c-1bb9-4f20-a78a-217958689877,23,19,74,170,1,27.3533555,58.5971785,1.216216216,0.54,105,34,0,3
193,1b5d595c-1bb9-4f20-a78a-217958689877,23,19,74,170,1,27.217663,57.202703,1.158301158,0.54,99,34,0,3
194,1b5d595c-1bb9-4f20-a78a-217958689877,23,19,74,170,1,27.08719,56.4370865,1.07027027,0.54,88,34,0,3
195,1b5d595c-1bb9-4f20-a78a-217958689877,23,19,74,170,1,27.029068,56.31305,1.135135135,0.54,104,34,0,3
196,1b5d595c-1bb9-4f20-a78a-217958689877,23,19,74,170,1,27.1280785,55.629392,1.123896173,0.54,91,34,0,3
197,1b5d595c-1bb9-4f20-a78a-217958689877,21,19,74,170,1,24.815672,52.7419205,1.138931574,0.47,72,32,0,3
198,1b5d595c-1bb9-4f20-a78a-217958689877,22,19,74,170,1,24.8961055,55.554962,1.135135135,0.47,75,32,-1,2
199,1b5d595c-1bb9-4f20-a78a-217958689877,22,19,74,170,1,24.8961055,55.554962,1.16333725,0.47,80,32,0,3
200,1b5d595c-1bb9-4f20-a78a-217958689877,22,19,74,170,1,24.9629995,55.612784,1.241036955,0.47,74,33,-1,2
201,1b5d595c-1bb9-4f20-a78a-217958689877,22,19,74,170,1,24.99066,54.4328365,1.140202703,0.47,79,33,0,3
202,1b5d595c-1bb9-4f20-a78a-217958689877,22,19,74,170,1,24.986705,53.49081,1.105651106,0.47,76,32,-1,2
203,1b5d595c-1bb9-4f20-a78a-217958689877,22,19,74,170,1,25.1563315,56.098856,1.147373789,0.47,77,32,-1,2
204,1b5d595c-1bb9-4f20-a78a-217958689877,23,19,74,170,1,25.334424,56.428929,1.174277726,0.47,83,32,0,3
205,1b5d595c-1bb9-4f20-a78a-217958689877,23,19,74,170,1,25.4100645,56.090621,1.188484902,0.47,76,33,-1,2
206,1b5d595c-1bb9-4f20-a78a-217958689877,23,19,74,170,1,25.372526,54.781175,1.164826799,0.47,82,33,0,3
207,1b5d595c-1bb9-4f20-a78a-217958689877,23,19,74,170,1,25.411195,56.3548395,1.174277726,0.47,91,33,0,3
208,1b5d595c-1bb9-4f20-a78a-217958689877,20,19,74,170,1,25.036981,63.570064,1.135135135,0.54,97,32,0,3
209,1b5d595c-1bb9-4f20-a78a-217958689877,20,19,74,170,1,25.331921,64.90378,1.094985661,0.54,87,33,-1,2
210,1b5d595c-1bb9-4f20-a78a-217958689877,20,19,74,170,1,25.4981585,64.259093,1.196278245,0.54,89,33,0,3
211,1b5d595c-1bb9-4f20-a78a-217958689877,20,19,74,170,1,25.5708875,61.89112,1.112877583,0.54,89,33,-1,2
212,1b5d595c-1bb9-4f20-a78a-217958689877,20,19,74,170,1,25.585568,59.565775,1.216216216,0.54,102,33,-1,2
213,1b5d595c-1bb9-4f20-a78a-217958689877,21,19,74,170,1,25.601002,58.8670065,1.123896173,0.54,92,32,-2,1
214,1b5d595c-1bb9-4f20-a78a-217958689877,21,19,74,170,1,25.6693275,58.205879,1.170242407,0.54,94,32,-1,2
215,1b5d595c-1bb9-4f20-a78a-217958689877,21,19,74,170,1,25.6099255,56.8066475,1.224378741,0.54,92,32,-1,2
216,1b5d595c-1bb9-4f20-a78a-217958689877,21,19,74,170,1,25.582129,56.9365995,1.091476091,0.54,75,32,0,3
217,1b5d595c-1bb9-4f20-a78a-217958689877,21,19,74,170,1,25.588535,56.2613015,1.204174472,0.54,87,32,-2,1
218,1b5d595c-1bb9-4f20-a78a-217958689877,22,19,74,170,1,25.496108,55.905146,1.131363922,0.54,81,32,-2,1
219,1b5d595c-1bb9-4f20-a78a-217958689877,22,19,74,170,1,25.4216855,55.224012,1.216216216,0.54,91,32,-1,2
220,1b5d595c-1bb9-4f20-a78a-217958689877,22,19,74,170,1,26.0259135,59.179525,0.809461708,0.47,80,32,-1,2
221,1b5d595c-1bb9-4f20-a78a-217958689877,22,19,74,170,1,25.830602,58.428631,0.800142248,0.47,72,32,-2,1
222,1b5d595c-1bb9-4f20-a78a-217958689877,22,19,74,170,1,25.64489,56.9848675,0.850500851,0.47,79,32,-2,1
223,1b5d595c-1bb9-4f20-a78a-217958689877,22,19,74,170,1,25.3341445,52.9109705,0.808117087,0.47,73,32,-3,0
224,1b5d595c-1bb9-4f20-a78a-217958689877,23,19,74,170,1,24.919815,48.671438,0.98946404,0.47,86,31,-3,0
225,1b5d595c-1bb9-4f20-a78a-217958689877,23,19,74,170,1,24.5258085,45.7981685,0.816252494,0.47,73,32,-2,1
226,1b5d595c-1bb9-4f20-a78a-217958689877,23,19,74,170,1,24.055314,43.82557,0.891891892,0.47,86,32,-3,0
227,1b5d595c-1bb9-4f20-a78a-217958689877,23,19,74,170,1,23.230048,43.4352645,0.831600832,0.47,75,32,-1,2
228,1b5d595c-1bb9-4f20-a78a-217958689877,23,19,74,170,1,23.1047355,43.9938165,0.874975695,0.47,80,32,-2,1
229,1b5d595c-1bb9-4f20-a78a-217958689877,22,19,74,170,1,23.044617,46.352705,1.19326874,0.54,73,30,-1,2
230,1b5d595c-1bb9-4f20-a78a-217958689877,22,19,74,170,1,23.044617,46.352705,0.941944222,0.54,79,31,-1,2
231,1b5d595c-1bb9-4f20-a78a-217958689877,22,19,74,170,1,23.044617,46.352705,0.868725869,0.54,79,31,-2,1
232,1b5d595c-1bb9-4f20-a78a-217958689877,22,19,74,170,1,23.0470415,46.0668035,1.136650669,0.54,80,29,-1,2
233,1b5d595c-1bb9-4f20-a78a-217958689877,22,19,74,170,1,22.8035165,45.4270565,1.211556384,0.54,89,31,-2,1
234,1b5d595c-1bb9-4f20-a78a-217958689877,23,19,74,170,1,22.6918515,43.7732725,1.172256594,0.54,83,32,-2,1
235,1b5d595c-1bb9-4f20-a78a-217958689877,23,19,74,170,1,22.6732405,43.375195,1.101478837,0.54,79,32,-1,2
236,1b5d595c-1bb9-4f20-a78a-217958689877,23,19,74,170,1,22.6577825,42.9609665,1.204174472,0.54,71,32,0,3
237,1b5d595c-1bb9-4f20-a78a-217958689877,23,19,74,170,1,22.648319,43.216776,1.220283829,0.54,75,32,-1,2
238,1b5d595c-1bb9-4f20-a78a-217958689877,23,19,74,170,1,22.7016315,43.7349,1.158301158,0.54,76,32,-1,2
239,1b5d595c-1bb9-4f20-a78a-217958689877,23,19,74,170,1,22.750839,43.921149,1.126995722,0.54,73,32,-1,2
240,1b5d595c-1bb9-4f20-a78a-217958689877,22,19,74,170,1,25.1016685,52.338825,1.090400746,0.54,75,31,-1,2
241,1b5d595c-1bb9-4f20-a78a-217958689877,23,19,74,170,1,22.9149925,50.820763,1.20492009,0.54,72,31,-1,2
242,1b5d595c-1bb9-4f20-a78a-217958689877,23,19,74,170,1,22.016978,49.3766885,1.101798663,0.54,74,31,-1,2
243,1b5d595c-1bb9-4f20-a78a-217958689877,23,19,74,170,1,22.652492,45.6286135,1.220283829,0.54,71,31,-1,2
244,1b5d595c-1bb9-4f20-a78a-217958689877,23,19,74,170,1,22.8603165,43.5563335,1.138931574,0.54,72,31,-2,1
245,1b5d595c-1bb9-4f20-a78a-217958689877,23,19,74,170,1,22.868415,43.226511,1.161990015,0.54,75,31,0,3
246,1b5d595c-1bb9-4f20-a78a-217958689877,23,19,74,170,1,22.7757425,42.36085,1.109530583,0.54,71,31,0,3
247,1b5d595c-1bb9-4f20-a78a-217958689877,23,19,74,170,1,19.559958,54.128545,1.168736304,0.47,72,29,-2,1
248,1b5d595c-1bb9-4f20-a78a-217958689877,23,19,74,170,1,19.559958,54.128545,1.190701191,0.47,75,30,-2,1
249,1b5d595c-1bb9-4f20-a78a-217958689877,23,19,74,170,1,20.2833875,53.3808065,1.158301158,0.47,73,30,-2,1
250,1b5d595c-1bb9-4f20-a78a-217958689877,23,19,74,170,1,20.2833875,53.3808065,1.184330398,0.47,73,30,-3,0
251,1b5d595c-1bb9-4f20-a78a-217958689877,0,19,74,170,1,20.5772805,52.0931965,1.127617684,0.47,75,30,-3,0
252,1b5d595c-1bb9-4f20-a78a-217958689877,0,19,74,170,1,20.9596495,50.394853,1.143777006,0.47,68,30,-2,1
253,1b5d595c-1bb9-4f20-a78a-217958689877,0,19,74,170,1,21.0991555,49.832334,1.150474799,0.47,70,30,-1,2
254,1b5d595c-1bb9-4f20-a78a-217958689877,0,19,74,170,1,21.0991555,49.832334,1.19908641,0.47,70,30,-1,2
255,1b5d595c-1bb9-4f20-a78a-217958689877,0,19,74,170,1,21.2805055,49.31853,1.151447305,0.47,73,30,-2,1
256,1b5d595c-1bb9-4f20-a78a-217958689877,0,19,74,170,1,21.2805055,49.31853,1.144674086,0.47,75,30,-2,1
257,1b5d595c-1bb9-4f20-a78a-217958689877,1,19,74,170,1,21.3986135,50.251892,1.200213371,0.47,70,30,-1,2
258,1b5d595c-1bb9-4f20-a78a-217958689877,1,19,74,170,1,21.5301365,50.57966,1.142753492,0.47,74,30,-2,1
259,1b5d595c-1bb9-4f20-a78a-217958689877,1,19,74,170,1,21.6072695,50.3088165,1.131363922,0.47,68,30,-2,1
260,1b5d595c-1bb9-4f20-a78a-217958689877,22,19,74,170,1,21.7673015,48.8810575,1.129343629,0.54,75,30,-1,2
261,1b5d595c-1bb9-4f20-a78a-217958689877,22,19,74,170,1,21.902544,52.5412655,1.165702444,0.47,69,32,-2,1
262,1b5d595c-1bb9-4f20-a78a-217958689877,23,19,74,170,1,21.9378735,51.5238625,1.137468404,0.47,72,32,-1,2
263,1b5d595c-1bb9-4f20-a78a-217958689877,23,19,74,170,1,21.9440985,50.2191885,1.212175631,0.47,75,32,-1,2
264,1b5d595c-1bb9-4f20-a78a-217958689877,23,19,74,170,1,22.009943,49.35838,1.153308481,0.47,72,33,-1,2
265,1b5d595c-1bb9-4f20-a78a-217958689877,23,19,74,170,1,22.0616925,48.6386175,1.871101871,0.47,69,33,-1,2
266,1b5d595c-1bb9-4f20-a78a-217958689877,23,19,74,170,1,22.085849,48.2976095,1.143451143,0.47,73,33,-1,2
267,1b5d595c-1bb9-4f20-a78a-217958689877,23,19,74,170,1,22.143545,47.465273,1.19487909,0.47,71,31,0,3
268,1b5d595c-1bb9-4f20-a78a-217958689877,0,19,74,170,1,22.176066,47.51614,1.115794694,0.47,72,30,-2,1
269,1b5d595c-1bb9-4f20-a78a-217958689877,0,19,74,170,1,22.0369215,49.0200065,1.224965973,0.47,71,30,-2,1
270,1b5d595c-1bb9-4f20-a78a-217958689877,0,19,74,170,1,21.4652545,49.8235015,1.173056587,0.54,74,29,-2,1
271,1b5d595c-1bb9-4f20-a78a-217958689877,1,19,74,170,1,21.601228,48.469472,1.126126126,0.54,69,28,-1,2
272,1b5d595c-1bb9-4f20-a78a-217958689877,1,19,74,170,1,21.8028615,47.2318325,1.126995722,0.54,75,28,-2,1
273,1b5d595c-1bb9-4f20-a78a-217958689877,1,19,74,170,1,21.9330415,47.296234,1.288204092,0.54,69,28,0,3
274,1b5d595c-1bb9-4f20-a78a-217958689877,1,19,74,170,1,22.023191,47.4371075,1.101478837,0.54,65,28,0,3
275,1b5d595c-1bb9-4f20-a78a-217958689877,1,19,74,170,1,22.146597,46.946558,1.182432432,0.54,72,28,2,5
276,1b5d595c-1bb9-4f20-a78a-217958689877,2,19,74,170,1,22.1792545,46.6928975,1.144674086,0.54,75,28,-2,1
277,1b5d595c-1bb9-4f20-a78a-217958689877,2,19,74,170,1,22.2122605,46.38295,1.229388233,0.54,70,28,-1,2
278,1b5d595c-1bb9-4f20-a78a-217958689877,2,19,74,170,1,22.196174,46.31059,1.124824246,0.54,67,27,0,3
279,1b5d595c-1bb9-4f20-a78a-217958689877,2,19,74,170,1,22.1972495,46.209447,1.144674086,0.54,69,27,-2,1
280,1b5d595c-1bb9-4f20-a78a-217958689877,2,19,74,170,1,22.21256,46.1736975,1.170242407,0.54,70,27,-2,1
281,1b5d595c-1bb9-4f20-a78a-217958689877,2,19,74,170,1,22.221308,46.430427,1.19908641,0.54,77,27,-2,1
282,1b5d595c-1bb9-4f20-a78a-217958689877,3,19,74,170,1,22.2785845,47.137646,1.189776733,0.54,77,28,-2,1
283,1b5d595c-1bb9-4f20-a78a-217958689877,3,19,74,170,1,22.273837,47.186588,1.147373789,0.54,68,28,-2,1
284,1b5d595c-1bb9-4f20-a78a-217958689877,3,19,74,170,1,22.289113,47.2890075,1.125324613,0.54,69,28,-1,2
285,1b5d595c-1bb9-4f20-a78a-217958689877,3,19,74,170,1,22.3074745,47.3147985,1.2126496,0.54,74,28,-2,1
286,1b5d595c-1bb9-4f20-a78a-217958689877,3,19,74,170,1,22.324441,47.121241,1.186552406,0.54,71,28,-2,1
287,1b5d595c-1bb9-4f20-a78a-217958689877,4,19,74,170,1,22.368204,47.1518535,1.164241164,0.54,74,28,-2,1
288,1b5d595c-1bb9-4f20-a78a-217958689877,4,19,74,170,1,22.3738805,47.0697135,1.154374714,0.54,70,28,-1,2
289,1b5d595c-1bb9-4f20-a78a-217958689877,4,19,74,170,1,22.3901365,47.2240875,1.238064412,0.54,67,28,-2,1
290,1b5d595c-1bb9-4f20-a78a-217958689877,4,19,74,170,1,22.421979,47.0455985,1.158301158,0.54,72,28,-2,1
291,1b5d595c-1bb9-4f20-a78a-217958689877,20,19,74,170,1,22.084703,48.0816485,1.135135135,0.47,75,30,0,3
292,1b5d595c-1bb9-4f20-a78a-217958689877,20,19,74,170,1,21.989921,50.852607,1.183345508,0.47,74,31,-1,2
293,1b5d595c-1bb9-4f20-a78a-217958689877,20,19,74,170,1,21.9866015,50.434737,1.135135135,0.47,78,31,-1,2
294,1b5d595c-1bb9-4f20-a78a-217958689877,21,19,74,170,1,21.824363,49.720031,1.187711149,0.47,67,30,-1,2
295,1b5d595c-1bb9-4f20-a78a-217958689877,21,19,74,170,1,21.8086395,49.650399,1.140202703,0.47,75,30,-1,2
296,1b5d595c-1bb9-4f20-a78a-217958689877,21,19,74,170,1,21.7846995,49.590333,1.204174472,0.47,74,30,-1,2
297,1b5d595c-1bb9-4f20-a78a-217958689877,21,19,74,170,1,21.72943,49.575497,1.191139593,0.47,72,29,0,3
298,1b5d595c-1bb9-4f20-a78a-217958689877,21,19,74,170,1,21.6881085,49.631077,1.153308481,0.47,69,29,-1,2
299,1b5d595c-1bb9-4f20-a78a-217958689877,22,19,74,170,1,21.6639745,49.867184,1.090165796,0.47,72,29,-1,2
300,1b5d595c-1bb9-4f20-a78a-217958689877,22,19,74,170,1,21.6256025,49.949974,1.285431773,0.47,72,29,-1,2
301,1b5d595c-1bb9-4f20-a78a-217958689877,22,19,74,170,1,21.5906055,49.9659615,1.158301158,0.47,74,29,-2,1
302,1b5d595c-1bb9-4f20-a78a-217958689877,22,19,74,170,1,21.5586015,50.091511,1.139312615,0.47,71,29,0,3
303,1b5d595c-1bb9-4f20-a78a-217958689877,22,19,74,170,1,21.504033,50.044298,1.239456017,0.47,71,29,0,3
304,1b5d595c-1bb9-4f20-a78a-217958689877,23,19,74,170,1,21.481698,50.117225,1.145572574,0.47,68,29,-1,2
305,1b5d595c-1bb9-4f20-a78a-217958689877,23,19,74,170,1,21.445688,50.145781,1.196278245,0.47,66,29,-2,1
306,1b5d595c-1bb9-4f20-a78a-217958689877,23,19,74,170,1,21.410739,50.128378,1.216216216,0.47,71,29,-1,2
307,1b5d595c-1bb9-4f20-a78a-217958689877,23,19,74,170,1,21.348657,50.178105,1.154073782,0.47,73,29,-1,2
308,1b5d595c-1bb9-4f20-a78a-217958689877,23,19,74,170,1,21.322209,50.24577,1.113437381,0.47,69,29,-2,1
309,1b5d595c-1bb9-4f20-a78a-217958689877,23,19,74,170,1,21.3046875,50.322546,1.179361179,0.47,72,28,-1,2
310,1b5d595c-1bb9-4f20-a78a-217958689877,0,19,74,170,1,21.3048755,50.277085,1.261261261,0.47,75,28,-1,2
311,1b5d595c-1bb9-4f20-a78a-217958689877,0,19,74,170,1,21.295332,50.32367,1.166234728,0.47,69,28,-1,2
312,1b5d595c-1bb9-4f20-a78a-217958689877,0,19,74,170,1,21.271471,50.40695,1.186552406,0.47,72,28,-1,2
313,1b5d595c-1bb9-4f20-a78a-217958689877,0,19,74,170,1,21.24051,50.22564,1.067897165,0.47,80,28,-2,1
314,1b5d595c-1bb9-4f20-a78a-217958689877,5,19,74,170,1,24.604178,55.3282505,1.154635648,0.47,87,31,-1,2
315,1b5d595c-1bb9-4f20-a78a-217958689877,5,19,74,170,1,24.930401,64.0653935,1.220912032,0.47,84,33,0,3
316,1b5d595c-1bb9-4f20-a78a-217958689877,5,19,74,170,1,25.382044,70.367275,1.133120698,0.47,78,33,0,3
317,1b5d595c-1bb9-4f20-a78a-217958689877,5,19,74,170,1,25.7401445,73.14247,1.13376088,0.47,84,33,0,3
318,1b5d595c-1bb9-4f20-a78a-217958689877,5,19,74,170,1,26.063386,74.110333,1.223412762,0.47,78,33,1,4
319,1b5d595c-1bb9-4f20-a78a-217958689877,6,19,74,170,1,26.3580295,74.2042225,1.126995722,0.47,81,33,0,3
320,1b5d595c-1bb9-4f20-a78a-217958689877,6,19,74,170,1,26.6198995,74.130265,1.227726149,0.47,78,34,0,3
321,1b5d595c-1bb9-4f20-a78a-217958689877,6,19,74,170,1,26.865982,73.956687,1.141574788,0.47,75,33,0,3
322,1b5d595c-1bb9-4f20-a78a-217958689877,6,19,74,170,1,27.0635015,73.73035,1.192368839,0.47,79,34,1,4
323,1b5d595c-1bb9-4f20-a78a-217958689877,6,19,74,170,1,27.237189,73.556995,1.132750397,0.47,78,34,-1,2
324,1b5d595c-1bb9-4f20-a78a-217958689877,6,19,74,170,1,27.178796,70.3399325,1.250315736,0.47,73,34,1,4
325,1b5d595c-1bb9-4f20-a78a-217958689877,7,19,74,170,1,26.9380785,65.851095,1.145710928,0.47,71,33,0,3
326,1b5d595c-1bb9-4f20-a78a-217958689877,7,19,74,170,1,26.6771,62.1025115,1.138931574,0.47,69,33,0,3
327,1b5d595c-1bb9-4f20-a78a-217958689877,7,19,74,170,1,26.7640915,66.3616275,1.254549679,0.47,75,33,1,4
328,1b5d595c-1bb9-4f20-a78a-217958689877,7,19,74,170,1,26.98157,69.99216,1.987590704,0.47,67,33,1,4
329,1b5d595c-1bb9-4f20-a78a-217958689877,7,19,74,170,1,27.17016,71.166453,1.262508183,0.47,69,33,1,4
330,1b5d595c-1bb9-4f20-a78a-217958689877,7,19,74,170,1,27.3471225,71.76791,1.190181007,0.47,68,33,0,3
331,1b5d595c-1bb9-4f20-a78a-217958689877,10,19,74,170,1,28.6135765,74.205488,1.244945733,0.54,77,33,1,4
332,1b5d595c-1bb9-4f20-a78a-217958689877,10,19,74,170,1,28.6871645,74.2834825,1.165540541,0.54,79,34,0,3
333,1b5d595c-1bb9-4f20-a78a-217958689877,11,19,74,170,1,28.7521105,74.51469,1.211169676,0.54,79,34,1,4
334,1b5d595c-1bb9-4f20-a78a-217958689877,11,19,74,170,1,28.8006705,74.607515,1.172256594,0.54,76,34,1,4
335,1b5d595c-1bb9-4f20-a78a-217958689877,11,19,74,170,1,28.847145,74.581455,1.249866467,0.54,83,34,1,4
336,1b5d595c-1bb9-4f20-a78a-217958689877,11,19,74,170,1,28.8906425,74.597563,1.075565361,0.54,80,34,1,4
337,1b5d595c-1bb9-4f20-a78a-217958689877,11,19,74,170,1,28.95648,75.247959,1.129862444,0.54,81,34,2,5
338,1b5d595c-1bb9-4f20-a78a-217958689877,12,19,74,170,1,29.0393045,75.5287725,1.151447305,0.54,76,34,2,5
339,1b5d595c-1bb9-4f20-a78a-217958689877,12,19,74,170,1,29.1227195,75.4456925,1.34560092,0.54,85,34,2,5
340,1b5d595c-1bb9-4f20-a78a-217958689877,12,19,74,170,1,29.175751,75.1646725,1.182432432,0.54,90,34,1,4
341,1b5d595c-1bb9-4f20-a78a-217958689877,12,19,74,170,1,29.2070345,75.02968,1.184330398,0.54,75,34,2,5
342,1b5d595c-1bb9-4f20-a78a-217958689877,13,19,74,170,1,29.249337,75.09093,1.198589894,0.54,77,34,1,4
343,1b5d595c-1bb9-4f20-a78a-217958689877,13,19,74,170,1,29.249337,75.09093,0.95123056,0.54,79,34,2,5
344,1b5d595c-1bb9-4f20-a78a-217958689877,13,19,74,170,1,29.2782355,74.9747875,1.334871457,0.54,78,34,2,5
345,1b5d595c-1bb9-4f20-a78a-217958689877,13,19,74,170,1,29.300875,74.734255,1.105651106,0.54,80,34,2,5
346,1b5d595c-1bb9-4f20-a78a-217958689877,11,19,74,170,1,28.9978925,75.343335,1.122661123,0.54,79,34,3,6
