id,user_uuid,hour,age,weight,height,gender,at,rh,met,cl,hr,st,ati(-3-3),ati(0-6)
1,f21e88ed-e23f-4071-9d5a-85ed1334fdb4,21,19,80,177,1,25.2573745,58.3366765,1.125,0.47,94,32,0,3
2,f21e88ed-e23f-4071-9d5a-85ed1334fdb4,21,19,80,177,1,25.311282,59.00144,1.140202703,0.47,100,31,0,3
3,f21e88ed-e23f-4071-9d5a-85ed1334fdb4,22,19,80,177,1,25.334916,58.009603,1.105263158,0.47,99,31,0,3
4,f21e88ed-e23f-4071-9d5a-85ed1334fdb4,22,19,80,177,1,25.333581,56.980052,1.121262458,0.47,78,32,0,3
5,f21e88ed-e23f-4071-9d5a-85ed1334fdb4,22,19,80,177,1,25.1385505,55.5704215,1.122194514,0.47,85,32,0,3
6,f21e88ed-e23f-4071-9d5a-85ed1334fdb4,22,19,80,177,1,25.1385505,55.5704215,1.130136986,0.47,81,32,0,3
7,f21e88ed-e23f-4071-9d5a-85ed1334fdb4,22,19,80,177,1,25.261325,53.424551,1.0875,0.47,82,32,0,3
8,f21e88ed-e23f-4071-9d5a-85ed1334fdb4,23,19,80,177,1,25.1772165,53.51791,1.095505618,0.47,80,30,-1,2
9,f21e88ed-e23f-4071-9d5a-85ed1334fdb4,23,19,80,177,1,25.132626,52.5148465,1.125,0.47,68,30,-1,2
10,f21e88ed-e23f-4071-9d5a-85ed1334fdb4,23,19,80,177,1,24.8402255,51.927384,1.061320755,0.47,64,30,-1,2
11,f21e88ed-e23f-4071-9d5a-85ed1334fdb4,21,19,80,177,1,27.2658585,55.8604025,1.030534351,0.54,95,31,1,4
12,f21e88ed-e23f-4071-9d5a-85ed1334fdb4,21,19,80,177,1,27.1234955,56.042713,1.102040816,0.54,98,31,1,4
13,f21e88ed-e23f-4071-9d5a-85ed1334fdb4,21,19,80,177,1,27.025754,55.5366025,1.022727273,0.54,87,31,0,3
14,f21e88ed-e23f-4071-9d5a-85ed1334fdb4,21,19,80,177,1,26.97779,56.122406,1.813186813,0.54,75,32,0,3
15,f21e88ed-e23f-4071-9d5a-85ed1334fdb4,22,19,80,177,1,27.003585,57.644508,1.261061947,0.54,95,31,0,3
16,f21e88ed-e23f-4071-9d5a-85ed1334fdb4,22,19,80,177,1,27.079135,58.056423,1.120996441,0.54,95,30,0,3
17,f21e88ed-e23f-4071-9d5a-85ed1334fdb4,22,19,80,177,1,27.063081,57.2764775,1.107692308,0.54,71,30,0,3
18,f21e88ed-e23f-4071-9d5a-85ed1334fdb4,22,19,80,177,1,27.0788,57.7474435,1.151574803,0.54,95,30,-1,2
19,f21e88ed-e23f-4071-9d5a-85ed1334fdb4,22,19,80,177,1,27.057805,57.7736985,1.068435754,0.54,79,31,0,3
20,f21e88ed-e23f-4071-9d5a-85ed1334fdb4,22,19,80,177,1,27.100042,57.6500935,1.142578125,0.54,98,31,0,3
21,f21e88ed-e23f-4071-9d5a-85ed1334fdb4,23,19,80,177,1,27.281264,59.8044985,1.09223301,0.54,102,32,0,3
22,f21e88ed-e23f-4071-9d5a-85ed1334fdb4,23,19,80,177,1,27.597743,62.0718415,1.148393195,0.54,92,32,0,3
23,f21e88ed-e23f-4071-9d5a-85ed1334fdb4,23,19,80,177,1,27.714158,62.0464955,1.071428571,0.54,81,33,0,3
24,f21e88ed-e23f-4071-9d5a-85ed1334fdb4,20,19,80,177,1,27.003891,55.335171,1.083333333,0.54,75,34,0,3
25,f21e88ed-e23f-4071-9d5a-85ed1334fdb4,20,19,80,177,1,26.6031465,54.8335955,1.184210526,0.54,78,34,0,3
26,f21e88ed-e23f-4071-9d5a-85ed1334fdb4,20,19,80,177,1,27.013771,59.710685,1.09141791,0.54,73,34,0,3
27,f21e88ed-e23f-4071-9d5a-85ed1334fdb4,20,19,80,177,1,27.218237,60.414875,1.060606061,0.54,78,34,0,3
28,f21e88ed-e23f-4071-9d5a-85ed1334fdb4,20,19,80,177,1,27.172043,60.3770925,1.112637363,0.54,72,34,-1,2
29,f21e88ed-e23f-4071-9d5a-85ed1334fdb4,21,19,80,177,1,27.2947135,61.801855,1.105263158,0.54,76,34,0,3
30,f21e88ed-e23f-4071-9d5a-85ed1334fdb4,21,19,80,177,1,27.2947135,61.801855,1.036184211,0.54,75,34,0,3
31,f21e88ed-e23f-4071-9d5a-85ed1334fdb4,21,19,80,177,1,27.455414,62.985673,1.418918919,0.54,73,34,0,3
32,f21e88ed-e23f-4071-9d5a-85ed1334fdb4,21,19,80,177,1,27.7383665,64.0955505,1.077348066,0.54,74,35,0,3
33,f21e88ed-e23f-4071-9d5a-85ed1334fdb4,21,19,80,177,1,27.901252,64.441825,1.141917293,0.54,71,35,0,3
34,f21e88ed-e23f-4071-9d5a-85ed1334fdb4,21,19,80,177,1,27.9266255,64.534175,1.071428571,0.54,76,35,0,3
35,f21e88ed-e23f-4071-9d5a-85ed1334fdb4,22,19,80,177,1,27.968009,65.142767,1.097560976,0.54,69,34,0,3
36,f21e88ed-e23f-4071-9d5a-85ed1334fdb4,22,19,80,177,1,27.7044715,58.3099325,1.085445626,0.54,70,34,0,3
37,f21e88ed-e23f-4071-9d5a-85ed1334fdb4,22,19,80,177,1,27.5558985,56.694733,1.156126482,0.54,68,34,0,3
38,f21e88ed-e23f-4071-9d5a-85ed1334fdb4,21,19,80,177,1,25.8903545,57.1923255,1.125,0.54,77,32,0,3
39,f21e88ed-e23f-4071-9d5a-85ed1334fdb4,21,19,80,177,1,25.9371985,59.2331175,1.178010471,0.54,82,32,0,3
40,f21e88ed-e23f-4071-9d5a-85ed1334fdb4,21,19,80,177,1,25.9371985,59.2331175,1.062992126,0.54,76,32,-1,2
41,f21e88ed-e23f-4071-9d5a-85ed1334fdb4,21,19,80,177,1,25.9371985,59.2331175,1,0.47,82,32,-1,2
42,f21e88ed-e23f-4071-9d5a-85ed1334fdb4,21,19,80,177,1,25.9793635,58.0094765,1.038461538,0.47,88,32,0,3
43,f21e88ed-e23f-4071-9d5a-85ed1334fdb4,21,19,80,177,1,25.9793635,58.0094765,1.222826087,0.47,90,32,0,3
44,f21e88ed-e23f-4071-9d5a-85ed1334fdb4,21,19,80,177,1,25.9831925,56.8139725,1.115301724,0.47,81,31,0,3
45,f21e88ed-e23f-4071-9d5a-85ed1334fdb4,22,19,80,177,1,25.9298515,54.1398925,1.111111111,0.47,91,32,0,3
46,f21e88ed-e23f-4071-9d5a-85ed1334fdb4,22,19,80,177,1,25.799627,52.8988555,1.058823529,0.47,73,32,0,3
47,f21e88ed-e23f-4071-9d5a-85ed1334fdb4,22,19,80,177,1,25.6792825,52.643145,1.131656805,0.47,84,33,0,3
48,f21e88ed-e23f-4071-9d5a-85ed1334fdb4,22,19,80,177,1,26.0274955,55.637695,1.104545455,0.47,73,33,0,3
49,f21e88ed-e23f-4071-9d5a-85ed1334fdb4,23,19,80,177,1,26.0070485,55.012745,1.118546845,0.47,76,31,0,3
50,f21e88ed-e23f-4071-9d5a-85ed1334fdb4,23,19,80,177,1,25.9219965,54.356421,1.191176471,0.47,65,31,-1,2
51,f21e88ed-e23f-4071-9d5a-85ed1334fdb4,23,19,80,177,1,25.9219965,54.356421,0.681818182,0.47,71,31,-1,2
52,f21e88ed-e23f-4071-9d5a-85ed1334fdb4,21,19,80,177,1,25.0002695,55.0261805,1.153846154,0.47,93,32,1,4
53,f21e88ed-e23f-4071-9d5a-85ed1334fdb4,21,19,80,177,1,25.382122,56.1484475,1.104294479,0.47,77,33,0,3
54,f21e88ed-e23f-4071-9d5a-85ed1334fdb4,21,19,80,177,1,25.545541,53.9967555,1.114864865,0.47,71,33,0,3
55,f21e88ed-e23f-4071-9d5a-85ed1334fdb4,21,19,80,177,1,25.545541,53.9967555,1.170520231,0.47,61,33,0,3
56,f21e88ed-e23f-4071-9d5a-85ed1334fdb4,22,19,80,177,1,25.5678365,50.461133,1.063291139,0.47,72,32,0,3
57,f21e88ed-e23f-4071-9d5a-85ed1334fdb4,22,19,80,177,1,25.570094,49.989304,1.140350877,0.47,72,32,0,3
58,f21e88ed-e23f-4071-9d5a-85ed1334fdb4,22,19,80,177,1,25.6065075,49.981285,1.059782609,0.47,101,32,0,3
59,f21e88ed-e23f-4071-9d5a-85ed1334fdb4,22,19,80,177,1,25.6065075,49.981285,1.205357143,0.47,99,32,0,3
60,f21e88ed-e23f-4071-9d5a-85ed1334fdb4,22,19,80,177,1,25.587876,49.895956,1.09375,0.47,73,32,0,3
61,f21e88ed-e23f-4071-9d5a-85ed1334fdb4,22,19,80,177,1,25.587876,49.895956,1.5,0.47,77,32,0,3
62,f21e88ed-e23f-4071-9d5a-85ed1334fdb4,23,19,80,177,1,25.477237,49.985902,1.059322034,0.47,101,33,0,3
63,f21e88ed-e23f-4071-9d5a-85ed1334fdb4,23,19,80,177,1,25.477237,49.985902,1.40625,0.47,103,33,0,3
64,f21e88ed-e23f-4071-9d5a-85ed1334fdb4,23,19,80,177,1,25.425869,49.9308895,1.079335793,0.47,68,32,0,3
65,f21e88ed-e23f-4071-9d5a-85ed1334fdb4,20,19,80,177,1,27.2939225,55.9996,1.020618557,0.54,95,33,0,3
66,f21e88ed-e23f-4071-9d5a-85ed1334fdb4,20,19,80,177,1,27.2939225,55.9996,0.725806452,0.54,81,33,0,3
67,f21e88ed-e23f-4071-9d5a-85ed1334fdb4,20,19,80,177,1,26.9710865,54.843413,1.088709677,0.47,76,32,0,3
68,f21e88ed-e23f-4071-9d5a-85ed1334fdb4,21,19,80,177,1,26.6747425,52.437178,1.12804878,0.47,76,31,0,3
69,f21e88ed-e23f-4071-9d5a-85ed1334fdb4,21,19,80,177,1,26.630663,54.1848145,1.035564854,0.47,64,30,0,3
70,f21e88ed-e23f-4071-9d5a-85ed1334fdb4,21,19,80,177,1,26.630663,54.1848145,1.0546875,0.47,75,30,0,3
71,f21e88ed-e23f-4071-9d5a-85ed1334fdb4,21,19,80,177,1,26.807193,56.6537515,1.102941176,0.47,72,30,0,3
72,f21e88ed-e23f-4071-9d5a-85ed1334fdb4,21,19,80,177,1,26.7701285,54.446697,1.121883657,0.47,75,30,0,3
73,f21e88ed-e23f-4071-9d5a-85ed1334fdb4,21,19,80,177,1,26.7701285,54.446697,1.456834532,0.47,87,30,0,3
74,f21e88ed-e23f-4071-9d5a-85ed1334fdb4,21,19,80,177,1,26.771054,54.9410935,1.022727273,0.47,99,31,0,3
75,f21e88ed-e23f-4071-9d5a-85ed1334fdb4,21,19,80,177,1,26.771054,54.9410935,1.09223301,0.47,93,31,0,3
76,f21e88ed-e23f-4071-9d5a-85ed1334fdb4,21,19,80,177,1,26.771054,54.9410935,1.071428571,0.47,88,31,0,3
77,f21e88ed-e23f-4071-9d5a-85ed1334fdb4,22,19,80,177,1,26.753232,54.2427235,1.111918605,0.47,69,30,-1,2
78,f21e88ed-e23f-4071-9d5a-85ed1334fdb4,22,19,80,177,1,26.685393,52.6072695,1.162361624,0.47,72,30,0,3
79,f21e88ed-e23f-4071-9d5a-85ed1334fdb4,22,19,80,177,1,26.5932215,50.9541035,1.055956679,0.47,58,29,0,3
80,f21e88ed-e23f-4071-9d5a-85ed1334fdb4,22,19,80,177,1,26.5047405,50.015955,1.064189189,0.47,75,29,-1,2
81,f21e88ed-e23f-4071-9d5a-85ed1334fdb4,22,19,80,177,1,25.177969,54.785082,1.080617496,0.47,88,31,0,3
82,f21e88ed-e23f-4071-9d5a-85ed1334fdb4,22,19,80,177,1,25.638854,60.888809,1.114864865,0.47,87,31,0,3
83,f21e88ed-e23f-4071-9d5a-85ed1334fdb4,23,19,80,177,1,25.8983395,62.2436615,1.185944363,0.47,92,31,0,3
84,f21e88ed-e23f-4071-9d5a-85ed1334fdb4,23,19,80,177,1,26.103605,63.8303615,1.032110092,0.47,71,30,0,3
85,f21e88ed-e23f-4071-9d5a-85ed1334fdb4,23,19,80,177,1,26.103605,63.8303615,1.125,0.47,97,30,0,3
86,f21e88ed-e23f-4071-9d5a-85ed1334fdb4,23,19,80,177,1,26.243928,63.733728,1.101398601,0.47,71,30,0,3
87,f21e88ed-e23f-4071-9d5a-85ed1334fdb4,23,19,80,177,1,26.349392,63.6197085,1.139240506,0.47,94,30,-1,2
88,f21e88ed-e23f-4071-9d5a-85ed1334fdb4,23,19,80,177,1,26.349392,63.6197085,0.9375,0.47,95,30,-1,2
89,f21e88ed-e23f-4071-9d5a-85ed1334fdb4,23,19,80,177,1,26.5775965,63.436815,1.100543478,0.47,77,31,0,3
90,f21e88ed-e23f-4071-9d5a-85ed1334fdb4,0,19,80,177,1,26.643731,63.426218,1.155589124,0.47,83,31,-1,2
91,f21e88ed-e23f-4071-9d5a-85ed1334fdb4,0,19,80,177,1,26.78018,65.56923,1.134782609,0.47,80,31,0,3
92,f21e88ed-e23f-4071-9d5a-85ed1334fdb4,0,19,80,177,1,26.78018,65.56923,0.865384615,0.47,70,31,0,3
93,f21e88ed-e23f-4071-9d5a-85ed1334fdb4,0,19,80,177,1,26.78018,65.56923,0.865384615,0.47,72,31,0,3
94,f21e88ed-e23f-4071-9d5a-85ed1334fdb4,21,19,80,177,1,26.8186125,65.131175,1.160220994,0.54,93,33,2,5
95,f21e88ed-e23f-4071-9d5a-85ed1334fdb4,21,19,80,177,1,28.9067275,76.175985,1.05704698,0.54,93,32,2,5
96,f21e88ed-e23f-4071-9d5a-85ed1334fdb4,21,19,80,177,1,28.9067275,76.175985,1.090909091,0.54,83,32,1,4
97,f21e88ed-e23f-4071-9d5a-85ed1334fdb4,21,19,80,177,1,28.847177,74.9284,1.179435484,0.54,75,32,1,4
98,f21e88ed-e23f-4071-9d5a-85ed1334fdb4,21,19,80,177,1,28.678399,73.0357025,1.163793103,0.54,98,32,0,3
99,f21e88ed-e23f-4071-9d5a-85ed1334fdb4,22,19,80,177,1,28.572277,71.8547575,1.01758794,0.54,75,32,1,4
100,f21e88ed-e23f-4071-9d5a-85ed1334fdb4,22,19,80,177,1,28.511592,70.996455,1.178571429,0.54,98,32,0,3
101,f21e88ed-e23f-4071-9d5a-85ed1334fdb4,22,19,80,177,1,28.511592,70.996455,1.222826087,0.54,87,32,0,3
102,f21e88ed-e23f-4071-9d5a-85ed1334fdb4,22,19,80,177,1,28.511592,70.996455,1.058823529,0.54,87,32,0,3
103,f21e88ed-e23f-4071-9d5a-85ed1334fdb4,22,19,80,177,1,28.4822415,70.3853,1.136363636,0.54,89,31,0,3
104,f21e88ed-e23f-4071-9d5a-85ed1334fdb4,22,19,80,177,1,28.3741425,68.55083,1.105491329,0.54,82,31,0,3
105,f21e88ed-e23f-4071-9d5a-85ed1334fdb4,23,19,80,177,1,28.336324,68.14808,1.092857143,0.54,79,31,0,3
106,f21e88ed-e23f-4071-9d5a-85ed1334fdb4,23,19,80,177,1,28.336324,68.14808,1.205357143,0.54,97,31,0,3
107,f21e88ed-e23f-4071-9d5a-85ed1334fdb4,23,19,80,177,1,28.2953965,67.82323,1.076086957,0.54,73,31,0,3
108,f21e88ed-e23f-4071-9d5a-85ed1334fdb4,22,19,80,177,1,25.7735885,56.436555,1.086956522,0.54,75,32,0,3
109,f21e88ed-e23f-4071-9d5a-85ed1334fdb4,22,19,80,177,1,25.7445195,54.7930235,1.126656848,0.54,72,31,0,3
110,f21e88ed-e23f-4071-9d5a-85ed1334fdb4,22,19,80,177,1,25.70049,50.57999,1.138760017,0.54,107,31,0,3
111,f21e88ed-e23f-4071-9d5a-85ed1334fdb4,22,19,80,177,1,25.70049,50.57999,1.267605634,0.54,94,31,0,3
112,f21e88ed-e23f-4071-9d5a-85ed1334fdb4,23,19,80,177,1,25.67029,49.412693,1.06466877,0.54,72,31,0,3
113,f21e88ed-e23f-4071-9d5a-85ed1334fdb4,23,19,80,177,1,25.587593,48.594943,1.080786026,0.54,86,31,0,3
114,f21e88ed-e23f-4071-9d5a-85ed1334fdb4,23,19,80,177,1,25.43462,47.787632,1.118546845,0.54,69,31,0,3
115,f21e88ed-e23f-4071-9d5a-85ed1334fdb4,23,19,80,177,1,25.3711185,47.264015,1.132653061,0.54,72,30,0,3
116,f21e88ed-e23f-4071-9d5a-85ed1334fdb4,23,19,80,177,1,25.3177715,46.8980045,0.891089109,0.54,74,30,0,3
117,f21e88ed-e23f-4071-9d5a-85ed1334fdb4,22,19,80,177,1,28.6165215,69.47693,1.12312812,0.54,92,32,0,3
118,f21e88ed-e23f-4071-9d5a-85ed1334fdb4,22,19,80,177,1,28.4647935,67.281905,1.113861386,0.47,90,33,0,3
119,f21e88ed-e23f-4071-9d5a-85ed1334fdb4,22,19,80,177,1,28.550908,68.359445,1.129707113,0.47,92,34,0,3
120,f21e88ed-e23f-4071-9d5a-85ed1334fdb4,22,19,80,177,1,28.7426975,69.661157,1.051752922,0.47,82,34,0,3
121,f21e88ed-e23f-4071-9d5a-85ed1334fdb4,23,19,80,177,1,28.8679285,70.3644075,1.121262458,0.47,89,33,0,3
122,f21e88ed-e23f-4071-9d5a-85ed1334fdb4,23,19,80,177,1,28.9811725,70.95882,1.081730769,0.47,84,33,1,4
123,f21e88ed-e23f-4071-9d5a-85ed1334fdb4,23,19,80,177,1,29.154356,71.874345,1.123348018,0.47,70,34,1,4
124,f21e88ed-e23f-4071-9d5a-85ed1334fdb4,23,19,80,177,1,29.220279,72.574242,1.114864865,0.47,75,34,0,3
125,f21e88ed-e23f-4071-9d5a-85ed1334fdb4,14,19,80,177,1,28.6075545,63.505392,1.066350711,0.54,91,33,0,3
126,f21e88ed-e23f-4071-9d5a-85ed1334fdb4,14,19,80,177,1,28.902501,65.43924,1.07398568,0.54,99,33,1,4
127,f21e88ed-e23f-4071-9d5a-85ed1334fdb4,14,19,80,177,1,28.902501,65.43924,1.264044944,0.54,92,33,1,4
128,f21e88ed-e23f-4071-9d5a-85ed1334fdb4,14,19,80,177,1,28.902501,65.43924,0.9,0.54,101,33,1,4
129,f21e88ed-e23f-4071-9d5a-85ed1334fdb4,15,19,80,177,1,29.103733,66.936215,1.104294479,0.54,90,33,1,4
130,f21e88ed-e23f-4071-9d5a-85ed1334fdb4,15,19,80,177,1,29.2471085,68.00774,1.067193676,0.47,93,33,1,4
131,f21e88ed-e23f-4071-9d5a-85ed1334fdb4,15,19,80,177,1,29.392747,69.369175,1.11328125,0.47,91,33,0,3
132,f21e88ed-e23f-4071-9d5a-85ed1334fdb4,15,19,80,177,1,29.530482,70.122685,1.179775281,0.47,98,34,0,3
133,f21e88ed-e23f-4071-9d5a-85ed1334fdb4,15,19,80,177,1,29.63293,70.7139575,1.085526316,0.47,74,34,1,4
134,f21e88ed-e23f-4071-9d5a-85ed1334fdb4,15,19,80,177,1,29.63293,70.7139575,1.112637363,0.47,84,33,0,3
135,f21e88ed-e23f-4071-9d5a-85ed1334fdb4,16,19,80,177,1,29.8285235,72.3322,1.090116279,0.47,93,32,0,3
136,f21e88ed-e23f-4071-9d5a-85ed1334fdb4,16,19,80,177,1,29.9673825,73.932965,1.080375783,0.47,72,33,0,3
137,f21e88ed-e23f-4071-9d5a-85ed1334fdb4,22,19,80,177,1,28.37107,56.8575235,1.173913043,0.47,76,32,0,3
138,f21e88ed-e23f-4071-9d5a-85ed1334fdb4,22,19,80,177,1,28.37107,56.8575235,1.115702479,0.47,72,32,0,3
139,f21e88ed-e23f-4071-9d5a-85ed1334fdb4,22,19,80,177,1,28.37107,56.8575235,1.24015748,0.47,79,33,0,3
140,f21e88ed-e23f-4071-9d5a-85ed1334fdb4,22,19,80,177,1,28.360346,59.7325335,1.144067797,0.47,78,33,0,3
141,f21e88ed-e23f-4071-9d5a-85ed1334fdb4,22,19,80,177,1,28.360346,59.7325335,1.176470588,0.47,78,33,-1,2
142,f21e88ed-e23f-4071-9d5a-85ed1334fdb4,22,19,80,177,1,28.3064205,59.7399485,1.184210526,0.47,85,33,0,3
143,f21e88ed-e23f-4071-9d5a-85ed1334fdb4,23,19,80,177,1,28.3064205,59.7399485,1.24137931,0.47,83,34,0,3
144,f21e88ed-e23f-4071-9d5a-85ed1334fdb4,23,19,80,177,1,28.3064205,59.7399485,1.194690265,0.47,71,34,1,4
145,f21e88ed-e23f-4071-9d5a-85ed1334fdb4,23,19,80,177,1,28.139288,57.920338,0.989010989,0.47,79,34,0,3
146,f21e88ed-e23f-4071-9d5a-85ed1334fdb4,23,19,80,177,1,28.0466375,57.201478,1.189427313,0.47,79,34,0,3
147,f21e88ed-e23f-4071-9d5a-85ed1334fdb4,23,19,80,177,1,28.105327,56.135485,1.10915493,0.47,78,34,0,3
148,f21e88ed-e23f-4071-9d5a-85ed1334fdb4,23,19,80,177,1,28.141077,55.228857,1.09141791,0.47,83,34,0,3
149,f21e88ed-e23f-4071-9d5a-85ed1334fdb4,23,19,80,177,1,28.1357115,54.273276,1.0546875,0.47,79,34,0,3
150,f21e88ed-e23f-4071-9d5a-85ed1334fdb4,23,19,80,177,1,28.1357115,54.273276,1.229508197,0.47,75,34,0,3
151,f21e88ed-e23f-4071-9d5a-85ed1334fdb4,23,19,80,177,1,28.1279695,52.839585,1.081730769,0.47,83,34,0,3
152,f21e88ed-e23f-4071-9d5a-85ed1334fdb4,0,19,80,177,1,28.1279695,52.839585,0.971223022,0.47,91,34,1,4
153,f21e88ed-e23f-4071-9d5a-85ed1334fdb4,0,19,80,177,1,28.1279695,52.839585,1.088709677,0.47,86,34,1,4
154,f21e88ed-e23f-4071-9d5a-85ed1334fdb4,0,19,80,177,1,28.1240965,52.054605,1.23853211,0.47,80,34,1,4
155,f21e88ed-e23f-4071-9d5a-85ed1334fdb4,0,19,80,177,1,28.3094015,55.748932,1.082474227,0.47,86,35,0,3
156,f21e88ed-e23f-4071-9d5a-85ed1334fdb4,21,19,80,177,1,28.828171,64.408825,1.125,0.54,90,32,0,3
157,f21e88ed-e23f-4071-9d5a-85ed1334fdb4,21,19,80,177,1,28.828171,64.408825,0.981818182,0.54,87,31,0,3
158,f21e88ed-e23f-4071-9d5a-85ed1334fdb4,22,19,80,177,1,28.6225175,62.489454,1.121262458,0.54,65,31,0,3
159,f21e88ed-e23f-4071-9d5a-85ed1334fdb4,22,19,80,177,1,28.4589545,60.028595,1.068249258,0.54,63,32,0,3
160,f21e88ed-e23f-4071-9d5a-85ed1334fdb4,22,19,80,177,1,28.3294515,58.971731,1.077348066,0.54,80,32,0,3
161,f21e88ed-e23f-4071-9d5a-85ed1334fdb4,22,19,80,177,1,28.1854665,57.5850965,1.184210526,0.54,96,32,0,3
162,f21e88ed-e23f-4071-9d5a-85ed1334fdb4,22,19,80,177,1,27.619985,55.16524,1.081441923,0.54,101,33,0,3
163,f21e88ed-e23f-4071-9d5a-85ed1334fdb4,22,19,80,177,1,27.619985,55.16524,1.086519115,0.54,72,33,0,3
164,f21e88ed-e23f-4071-9d5a-85ed1334fdb4,23,19,80,177,1,27.349981,54.1564425,1.159793814,0.54,65,32,0,3
165,f21e88ed-e23f-4071-9d5a-85ed1334fdb4,23,19,80,177,1,27.174626,53.4841,1.060606061,0.54,88,32,0,3
166,f21e88ed-e23f-4071-9d5a-85ed1334fdb4,23,19,80,177,1,26.985326,52.9763645,1.100917431,0.54,71,32,0,3
167,f21e88ed-e23f-4071-9d5a-85ed1334fdb4,23,19,80,177,1,26.8949675,53.1735835,1.160714286,0.54,92,32,0,3
168,f21e88ed-e23f-4071-9d5a-85ed1334fdb4,23,19,80,177,1,26.797369,52.5302335,1.11030479,0.54,92,33,0,3
169,f21e88ed-e23f-4071-9d5a-85ed1334fdb4,23,19,80,177,1,26.738382,52.6423895,1.285714286,0.54,84,33,0,3
170,f21e88ed-e23f-4071-9d5a-85ed1334fdb4,23,19,80,177,1,26.624159,51.9586045,1.034482759,0.54,74,33,0,3
171,f21e88ed-e23f-4071-9d5a-85ed1334fdb4,22,19,80,177,1,26.9449805,57.3015375,1.138279933,0.54,90,33,0,3
172,f21e88ed-e23f-4071-9d5a-85ed1334fdb4,23,19,80,177,1,27.080626,55.295903,1.145621181,0.54,87,32,0,3
173,f21e88ed-e23f-4071-9d5a-85ed1334fdb4,23,19,80,177,1,27.080626,55.295903,0.859872611,0.54,85,33,0,3
174,f21e88ed-e23f-4071-9d5a-85ed1334fdb4,23,19,80,177,1,27.047185,54.4809035,1.127968338,0.54,80,33,0,3
175,f21e88ed-e23f-4071-9d5a-85ed1334fdb4,23,19,80,177,1,26.9869365,52.7948075,1.09962406,0.54,67,32,0,3
176,f21e88ed-e23f-4071-9d5a-85ed1334fdb4,23,19,80,177,1,26.9247955,51.5079075,1.09375,0.54,89,33,0,3
177,f21e88ed-e23f-4071-9d5a-85ed1334fdb4,23,19,80,177,1,27.072108,54.9097185,1.147959184,0.54,97,33,0,3
178,f21e88ed-e23f-4071-9d5a-85ed1334fdb4,23,19,80,177,1,27.175889,54.9963365,1.067518248,0.54,84,33,0,3
179,f21e88ed-e23f-4071-9d5a-85ed1334fdb4,0,19,80,177,1,27.2285655,55.4680125,1.148325359,0.54,71,32,0,3
180,f21e88ed-e23f-4071-9d5a-85ed1334fdb4,0,19,80,177,1,27.224782,55.0587175,1.071428571,0.54,72,32,0,3
181,f21e88ed-e23f-4071-9d5a-85ed1334fdb4,0,19,80,177,1,27.224782,55.0587175,1.084337349,0.54,66,32,0,3
182,f21e88ed-e23f-4071-9d5a-85ed1334fdb4,0,19,80,177,1,27.164535,53.9686125,1.116412214,0.54,93,32,0,3
183,f21e88ed-e23f-4071-9d5a-85ed1334fdb4,0,19,80,177,1,27.0935555,52.6357115,1.07001321,0.54,82,33,1,4
184,f21e88ed-e23f-4071-9d5a-85ed1334fdb4,21,19,80,177,1,26.2640655,49.790711,0.953389831,0.54,74,31,0,3
185,f21e88ed-e23f-4071-9d5a-85ed1334fdb4,21,19,80,177,1,26.2640655,49.790711,1.244680851,0.54,98,31,0,3
186,f21e88ed-e23f-4071-9d5a-85ed1334fdb4,21,19,80,177,1,26.2434205,50.2610635,1.208677686,0.54,80,31,0,3
187,f21e88ed-e23f-4071-9d5a-85ed1334fdb4,21,19,80,177,1,26.2144575,50.01139,1.243093923,0.54,73,31,0,3
188,f21e88ed-e23f-4071-9d5a-85ed1334fdb4,21,19,80,177,1,26.2144575,50.01139,1.323529412,0.54,72,31,0,3
189,f21e88ed-e23f-4071-9d5a-85ed1334fdb4,21,19,80,177,1,26.1659335,50.809042,1.196808511,0.54,94,31,0,3
190,f21e88ed-e23f-4071-9d5a-85ed1334fdb4,22,19,80,177,1,26.177529,51.2752955,1.124297314,0.54,94,32,0,3
191,f21e88ed-e23f-4071-9d5a-85ed1334fdb4,22,19,80,177,1,26.144682,50.2734605,1.140552995,0.54,75,31,0,3
192,f21e88ed-e23f-4071-9d5a-85ed1334fdb4,22,19,80,177,1,26.097292,51.232094,1.144455748,0.54,75,32,0,3
193,f21e88ed-e23f-4071-9d5a-85ed1334fdb4,23,19,80,177,1,26.0192655,50.085205,1.074840764,0.54,86,32,0,3
194,f21e88ed-e23f-4071-9d5a-85ed1334fdb4,23,19,80,177,1,25.889762,48.8088075,1.107954545,0.54,84,32,1,4
195,f21e88ed-e23f-4071-9d5a-85ed1334fdb4,23,19,80,177,1,25.8114675,48.247856,1.083569405,0.54,70,31,0,3
196,f21e88ed-e23f-4071-9d5a-85ed1334fdb4,23,19,80,177,1,25.661583,47.79982,1.11878453,0.54,67,31,0,3
197,f21e88ed-e23f-4071-9d5a-85ed1334fdb4,20,19,80,177,1,26.0071665,56.25586,1.11738149,0.54,89,31,0,3
198,f21e88ed-e23f-4071-9d5a-85ed1334fdb4,20,19,80,177,1,26.0071665,56.25586,1.071428571,0.54,88,30,0,3
199,f21e88ed-e23f-4071-9d5a-85ed1334fdb4,20,19,80,177,1,26.045023,55.895932,1.151162791,0.54,78,30,0,3
200,f21e88ed-e23f-4071-9d5a-85ed1334fdb4,20,19,80,177,1,26.023572,55.3028585,1.058823529,0.54,92,31,0,3
201,f21e88ed-e23f-4071-9d5a-85ed1334fdb4,21,19,80,177,1,26.002753,54.1891895,1.110197368,0.54,87,29,0,3
202,f21e88ed-e23f-4071-9d5a-85ed1334fdb4,21,19,80,177,1,25.9387145,52.8143285,1.130952381,0.54,75,29,-1,2
203,f21e88ed-e23f-4071-9d5a-85ed1334fdb4,21,19,80,177,1,25.725792,50.181965,1.097560976,0.54,72,29,-1,2
204,f21e88ed-e23f-4071-9d5a-85ed1334fdb4,22,19,80,177,1,25.4333735,47.209193,1.075581395,0.54,56,30,0,3
205,f21e88ed-e23f-4071-9d5a-85ed1334fdb4,21,19,80,177,1,28.429721,67.439905,1.089588378,0.54,65,31,0,3
206,f21e88ed-e23f-4071-9d5a-85ed1334fdb4,21,19,80,177,1,28.0133925,61.9558315,1.108829569,0.54,97,31,0,3
207,f21e88ed-e23f-4071-9d5a-85ed1334fdb4,22,19,80,177,1,28.0133925,61.9558315,1.102941176,0.54,73,32,0,3
208,f21e88ed-e23f-4071-9d5a-85ed1334fdb4,22,19,80,177,1,27.5726245,59.8468,1.11038961,0.54,88,32,0,3
209,f21e88ed-e23f-4071-9d5a-85ed1334fdb4,22,19,80,177,1,27.425233,58.2383485,1.07827476,0.54,71,31,0,3
210,f21e88ed-e23f-4071-9d5a-85ed1334fdb4,22,19,80,177,1,27.4223115,59.996422,1.079335793,0.54,78,32,0,3
211,f21e88ed-e23f-4071-9d5a-85ed1334fdb4,22,19,80,177,1,27.4223115,59.996422,0.625,0.54,79,32,0,3
212,f21e88ed-e23f-4071-9d5a-85ed1334fdb4,22,19,80,177,1,27.3533555,58.5971785,1.151162791,0.54,76,32,0,3
213,f21e88ed-e23f-4071-9d5a-85ed1334fdb4,23,19,80,177,1,27.217663,57.202703,1.107512953,0.54,77,32,0,3
214,f21e88ed-e23f-4071-9d5a-85ed1334fdb4,23,19,80,177,1,27.08719,56.4370865,1.118012422,0.54,87,31,0,3
215,f21e88ed-e23f-4071-9d5a-85ed1334fdb4,23,19,80,177,1,27.08719,56.4370865,1.236263736,0.54,88,31,0,3
216,f21e88ed-e23f-4071-9d5a-85ed1334fdb4,23,19,80,177,1,27.08719,56.4370865,1.125,0.54,87,31,0,3
217,f21e88ed-e23f-4071-9d5a-85ed1334fdb4,23,19,80,177,1,27.029068,56.31305,1.089965398,0.54,86,32,0,3
218,f21e88ed-e23f-4071-9d5a-85ed1334fdb4,23,19,80,177,1,27.1280785,55.629392,1.213235294,0.54,85,32,0,3
219,f21e88ed-e23f-4071-9d5a-85ed1334fdb4,23,19,80,177,1,27.1280785,55.629392,1.559405941,0.54,70,32,0,3
220,f21e88ed-e23f-4071-9d5a-85ed1334fdb4,23,19,80,177,1,27.1280785,55.629392,0.9,0.54,89,32,1,4
221,f21e88ed-e23f-4071-9d5a-85ed1334fdb4,9,19,80,177,1,27.8672355,63.579844,1.053042122,0.51,65,32,0,3
222,f21e88ed-e23f-4071-9d5a-85ed1334fdb4,9,19,80,177,1,27.8672355,63.579844,1.191176471,0.51,74,31,-1,2
223,f21e88ed-e23f-4071-9d5a-85ed1334fdb4,9,19,80,177,1,27.7269175,60.854056,1.071428571,0.51,72,31,0,3
224,f21e88ed-e23f-4071-9d5a-85ed1334fdb4,10,19,80,177,1,27.5934475,58.7878075,1.461038961,0.51,79,29,0,3
225,f21e88ed-e23f-4071-9d5a-85ed1334fdb4,10,19,80,177,1,27.5529615,61.640795,1.154942966,0.51,75,31,0,3
226,f21e88ed-e23f-4071-9d5a-85ed1334fdb4,10,19,80,177,1,27.5529615,61.640795,0.84375,0.51,71,32,0,3
227,f21e88ed-e23f-4071-9d5a-85ed1334fdb4,10,19,80,177,1,27.855161,64.1166575,1.166666667,0.51,73,33,0,3
228,f21e88ed-e23f-4071-9d5a-85ed1334fdb4,10,19,80,177,1,27.8613995,64.3040475,1.09375,0.51,73,31,0,3
229,f21e88ed-e23f-4071-9d5a-85ed1334fdb4,11,19,80,177,1,27.536948,61.5458465,1.092857143,0.51,73,30,-1,2
230,f21e88ed-e23f-4071-9d5a-85ed1334fdb4,11,19,80,177,1,27.293626,60.1424755,1.191176471,0.51,67,30,-1,2
231,f21e88ed-e23f-4071-9d5a-85ed1334fdb4,11,19,80,177,1,27.110855,59.654953,1.065789474,0.51,74,30,0,3
232,f21e88ed-e23f-4071-9d5a-85ed1334fdb4,11,19,80,177,1,27.110855,59.654953,1.007462687,0.51,66,30,0,3
233,f21e88ed-e23f-4071-9d5a-85ed1334fdb4,11,19,80,177,1,27.022739,59.671435,1.163793103,0.51,70,32,0,3
234,f21e88ed-e23f-4071-9d5a-85ed1334fdb4,11,19,80,177,1,27.4366185,61.107617,1.074438202,0.51,78,32,0,3
235,f21e88ed-e23f-4071-9d5a-85ed1334fdb4,21,19,80,177,1,24.8481295,51.8378375,1.125,0.47,95,30,0,3
236,f21e88ed-e23f-4071-9d5a-85ed1334fdb4,22,19,80,177,1,24.8961055,55.554962,1.038461538,0.47,74,31,0,3
237,f21e88ed-e23f-4071-9d5a-85ed1334fdb4,22,19,80,177,1,24.8961055,55.554962,1.111111111,0.47,72,31,0,3
238,f21e88ed-e23f-4071-9d5a-85ed1334fdb4,22,19,80,177,1,24.9629995,55.612784,1.09223301,0.47,75,31,0,3
239,f21e88ed-e23f-4071-9d5a-85ed1334fdb4,22,19,80,177,1,24.99066,54.4328365,1.147959184,0.47,72,31,0,3
240,f21e88ed-e23f-4071-9d5a-85ed1334fdb4,22,19,80,177,1,24.986705,53.49081,1.105263158,0.47,68,31,0,3
241,f21e88ed-e23f-4071-9d5a-85ed1334fdb4,22,19,80,177,1,25.1563315,56.098856,1.033568905,0.47,96,31,0,3
242,f21e88ed-e23f-4071-9d5a-85ed1334fdb4,22,19,80,177,1,25.1563315,56.098856,1.25,0.47,84,31,0,3
243,f21e88ed-e23f-4071-9d5a-85ed1334fdb4,23,19,80,177,1,25.4100645,56.090621,1.096491228,0.47,71,31,0,3
244,f21e88ed-e23f-4071-9d5a-85ed1334fdb4,23,19,80,177,1,25.4100645,56.090621,1.293103448,0.47,80,31,-1,2
245,f21e88ed-e23f-4071-9d5a-85ed1334fdb4,23,19,80,177,1,25.411195,56.3548395,1.1328125,0.47,70,30,-1,2
246,f21e88ed-e23f-4071-9d5a-85ed1334fdb4,20,19,80,177,1,25.036981,63.570064,1.05,0.47,81,31,0,3
247,f21e88ed-e23f-4071-9d5a-85ed1334fdb4,20,19,80,177,1,25.331921,64.90378,1.05704698,0.47,94,31,0,3
248,f21e88ed-e23f-4071-9d5a-85ed1334fdb4,20,19,80,177,1,25.4981585,64.259093,1.044303797,0.47,92,31,0,3
249,f21e88ed-e23f-4071-9d5a-85ed1334fdb4,20,19,80,177,1,25.4981585,64.259093,1.428571429,0.47,76,31,0,3
250,f21e88ed-e23f-4071-9d5a-85ed1334fdb4,20,19,80,177,1,25.5708875,61.89112,0.971223022,0.47,74,30,0,3
251,f21e88ed-e23f-4071-9d5a-85ed1334fdb4,20,19,80,177,1,25.5708875,61.89112,1.21257485,0.47,74,30,0,3
252,f21e88ed-e23f-4071-9d5a-85ed1334fdb4,20,19,80,177,1,25.585568,59.565775,1.046511628,0.47,76,30,0,3
253,f21e88ed-e23f-4071-9d5a-85ed1334fdb4,21,19,80,177,1,25.601002,58.8670065,1.125,0.47,70,29,0,3
254,f21e88ed-e23f-4071-9d5a-85ed1334fdb4,21,19,80,177,1,25.6776875,59.978803,1.141304348,0.47,69,29,0,3
255,f21e88ed-e23f-4071-9d5a-85ed1334fdb4,21,19,80,177,1,25.6776875,59.978803,1.161290323,0.47,66,29,0,3
256,f21e88ed-e23f-4071-9d5a-85ed1334fdb4,21,19,80,177,1,25.582129,56.9365995,1.101223582,0.47,73,29,0,3
257,f21e88ed-e23f-4071-9d5a-85ed1334fdb4,22,19,80,177,1,25.496108,55.905146,1.091772152,0.47,73,29,-1,2
258,f21e88ed-e23f-4071-9d5a-85ed1334fdb4,22,19,80,177,1,25.496108,55.905146,1.24015748,0.47,76,29,0,3
259,f21e88ed-e23f-4071-9d5a-85ed1334fdb4,22,19,80,177,1,25.4216855,55.224012,1.094224924,0.47,97,31,0,3
260,f21e88ed-e23f-4071-9d5a-85ed1334fdb4,22,19,80,177,1,25.389371,54.7577815,0.9375,0.47,70,31,-1,2
261,f21e88ed-e23f-4071-9d5a-85ed1334fdb4,18,19,80,177,1,21.4206105,45.7841145,1.179775281,0.54,63,32,-1,2
262,f21e88ed-e23f-4071-9d5a-85ed1334fdb4,18,19,80,177,1,21.2848535,46.1202085,1.206896552,0.54,71,31,0,3
263,f21e88ed-e23f-4071-9d5a-85ed1334fdb4,18,19,80,177,1,20.860085,45.03302,1.076555024,0.54,71,29,0,3
264,f21e88ed-e23f-4071-9d5a-85ed1334fdb4,19,19,80,177,1,20.4714405,45.350443,1.131284916,0.54,70,28,0,3
265,f21e88ed-e23f-4071-9d5a-85ed1334fdb4,19,19,80,177,1,19.90414,45.9377035,1.096952909,0.54,55,27,0,3
266,f21e88ed-e23f-4071-9d5a-85ed1334fdb4,19,19,80,177,1,19.90414,45.9377035,1.09375,0.54,73,26,0,3
267,f21e88ed-e23f-4071-9d5a-85ed1334fdb4,20,19,80,177,1,19.69839,47.751894,1.062992126,0.54,57,27,0,3
268,f21e88ed-e23f-4071-9d5a-85ed1334fdb4,20,19,80,177,1,19.69839,47.751894,0.912162162,0.54,65,27,-3,0
269,f21e88ed-e23f-4071-9d5a-85ed1334fdb4,20,19,80,177,1,19.664239,48.27491,1.178571429,0.54,67,27,0,3
270,f21e88ed-e23f-4071-9d5a-85ed1334fdb4,20,19,80,177,1,19.6069395,48.6326885,1.001059322,0.54,62,27,-3,0
271,f21e88ed-e23f-4071-9d5a-85ed1334fdb4,20,19,80,177,1,19.534406,48.9151765,1.08,0.54,76,27,0,3
272,f21e88ed-e23f-4071-9d5a-85ed1334fdb4,20,19,80,177,1,19.534406,48.9151765,0.97826087,0.54,54,26,0,3
273,f21e88ed-e23f-4071-9d5a-85ed1334fdb4,20,19,80,177,1,19.474289,49.097882,1.135321101,0.54,73,27,-3,0
274,f21e88ed-e23f-4071-9d5a-85ed1334fdb4,21,19,80,177,1,19.369296,49.3504545,0.959302326,0.54,62,28,0,3
275,f21e88ed-e23f-4071-9d5a-85ed1334fdb4,21,19,80,177,1,19.306075,49.492603,0.994897959,0.54,70,27,-2,1
276,f21e88ed-e23f-4071-9d5a-85ed1334fdb4,21,19,80,177,1,19.251318,49.651013,1.101398601,0.54,56,26,-2,1
277,f21e88ed-e23f-4071-9d5a-85ed1334fdb4,21,19,80,177,1,19.192049,49.753207,1.074626866,0.54,63,27,-2,1
278,f21e88ed-e23f-4071-9d5a-85ed1334fdb4,21,19,80,177,1,19.121491,49.852389,1.167820069,0.54,56,26,-2,1
279,f21e88ed-e23f-4071-9d5a-85ed1334fdb4,21,19,80,177,1,19.078306,49.959601,0.968899522,0.54,73,26,-3,0
280,f21e88ed-e23f-4071-9d5a-85ed1334fdb4,19,19,80,177,1,21.176757,49.888529,0.991525424,0.54,65,31,-2,1
281,f21e88ed-e23f-4071-9d5a-85ed1334fdb4,19,19,80,177,1,21.2007485,49.1394425,1.071428571,0.54,62,30,-1,2
282,f21e88ed-e23f-4071-9d5a-85ed1334fdb4,19,19,80,177,1,21.2007485,49.1394425,1.007462687,0.54,64,30,-2,1
283,f21e88ed-e23f-4071-9d5a-85ed1334fdb4,20,19,80,177,1,21.217962,48.356625,0.9738041,0.54,57,31,-2,1
284,f21e88ed-e23f-4071-9d5a-85ed1334fdb4,20,19,80,177,1,21.2563475,48.04904,1.043478261,0.58,65,31,-3,0
285,f21e88ed-e23f-4071-9d5a-85ed1334fdb4,20,19,80,177,1,21.253527,47.7121435,0.994897959,0.58,69,31,-3,0
286,f21e88ed-e23f-4071-9d5a-85ed1334fdb4,20,19,80,177,1,21.235464,47.5402815,0.988175676,0.58,68,31,-3,0
287,f21e88ed-e23f-4071-9d5a-85ed1334fdb4,20,19,80,177,1,21.241108,47.380264,1.079335793,0.58,58,30,-3,0
288,f21e88ed-e23f-4071-9d5a-85ed1334fdb4,20,19,80,177,1,21.24901,47.3268585,1.004464286,0.58,66,30,-3,0
289,f21e88ed-e23f-4071-9d5a-85ed1334fdb4,21,19,80,177,1,21.2515485,47.3754445,0.975765306,0.58,56,30,-3,0
290,f21e88ed-e23f-4071-9d5a-85ed1334fdb4,21,19,80,177,1,21.2523975,47.3148115,1.004464286,0.58,64,30,0,3
291,f21e88ed-e23f-4071-9d5a-85ed1334fdb4,21,19,80,177,1,21.266506,47.1821,1,0.58,66,29,-3,0
292,f21e88ed-e23f-4071-9d5a-85ed1334fdb4,21,19,80,177,1,21.2628385,47.0750885,1.071428571,0.58,58,29,-3,0
293,f21e88ed-e23f-4071-9d5a-85ed1334fdb4,21,19,80,177,1,21.265944,46.961651,0.957446809,0.58,55,28,-3,0
294,f21e88ed-e23f-4071-9d5a-85ed1334fdb4,21,19,80,177,1,21.265944,46.961651,0.924657534,0.58,53,28,-3,0
295,f21e88ed-e23f-4071-9d5a-85ed1334fdb4,17,19,80,177,1,26.5435265,39.963638,1.166666667,0.54,80,32,0,3
296,f21e88ed-e23f-4071-9d5a-85ed1334fdb4,17,19,80,177,1,25.973176,39.8132585,1.125,0.54,75,33,0,3
297,f21e88ed-e23f-4071-9d5a-85ed1334fdb4,17,19,80,177,1,25.5030765,39.522108,1.175373134,0.54,70,33,0,3
298,f21e88ed-e23f-4071-9d5a-85ed1334fdb4,17,19,80,177,1,25.0623155,39.3409195,1.089965398,0.54,73,33,0,3
299,f21e88ed-e23f-4071-9d5a-85ed1334fdb4,17,19,80,177,1,24.7013635,38.553225,1.102941176,0.54,72,32,0,3
300,f21e88ed-e23f-4071-9d5a-85ed1334fdb4,17,19,80,177,1,24.4345485,37.4173985,1.113861386,0.54,64,32,0,3
301,f21e88ed-e23f-4071-9d5a-85ed1334fdb4,18,19,80,177,1,24.268198,37.324711,1.117549669,0.54,68,32,0,3
302,f21e88ed-e23f-4071-9d5a-85ed1334fdb4,18,19,80,177,1,24.163031,37.480713,1.043046358,0.54,64,31,0,3
303,f21e88ed-e23f-4071-9d5a-85ed1334fdb4,18,19,80,177,1,24.014673,37.8111245,1.046511628,0.54,67,31,0,3
304,f21e88ed-e23f-4071-9d5a-85ed1334fdb4,18,19,80,177,1,23.8081855,38.150212,1.06779661,0.54,73,31,0,3
305,f21e88ed-e23f-4071-9d5a-85ed1334fdb4,18,19,80,177,1,23.6886585,45.5368805,1.053511706,0.54,75,31,0,3
306,f21e88ed-e23f-4071-9d5a-85ed1334fdb4,19,19,80,177,1,23.5898335,46.853765,1.044776119,0.54,65,30,0,3
307,f21e88ed-e23f-4071-9d5a-85ed1334fdb4,20,19,80,177,1,26.764123,76.17621,1.046511628,0.54,76,34,2,5
308,f21e88ed-e23f-4071-9d5a-85ed1334fdb4,20,19,80,177,1,27.0451185,75.584362,1.153846154,0.54,72,34,2,5
309,f21e88ed-e23f-4071-9d5a-85ed1334fdb4,20,19,80,177,1,27.2813415,75.028365,1.041322314,0.54,65,35,0,3
310,f21e88ed-e23f-4071-9d5a-85ed1334fdb4,20,19,80,177,1,27.4928945,74.624,1.117549669,0.54,77,34,1,4
311,f21e88ed-e23f-4071-9d5a-85ed1334fdb4,21,19,80,177,1,27.693186,74.24406,1.108374384,0.54,67,34,2,5
312,f21e88ed-e23f-4071-9d5a-85ed1334fdb4,21,19,80,177,1,27.8599615,73.984095,1.106557377,0.54,77,35,2,5
313,f21e88ed-e23f-4071-9d5a-85ed1334fdb4,21,19,80,177,1,28.0103775,73.717252,1.128762542,0.54,59,35,2,5
314,f21e88ed-e23f-4071-9d5a-85ed1334fdb4,21,19,80,177,1,28.147659,73.5257575,1.043046358,0.54,59,35,3,6
315,f21e88ed-e23f-4071-9d5a-85ed1334fdb4,21,19,80,177,1,28.2653655,73.328533,1.03960396,0.54,68,35,3,6
316,f21e88ed-e23f-4071-9d5a-85ed1334fdb4,21,19,80,177,1,28.366987,73.138375,1.12312812,0.54,66,34,0,3
317,f21e88ed-e23f-4071-9d5a-85ed1334fdb4,22,19,80,177,1,28.467003,73.02565,1.115702479,0.54,69,34,2,5
318,f21e88ed-e23f-4071-9d5a-85ed1334fdb4,22,19,80,177,1,28.561383,72.9245645,1.03960396,0.54,60,35,1,4
319,f21e88ed-e23f-4071-9d5a-85ed1334fdb4,22,19,80,177,1,28.6463755,72.753858,0.989010989,0.54,68,35,2,5
320,f21e88ed-e23f-4071-9d5a-85ed1334fdb4,22,19,80,177,1,28.784194,72.26767,1.032608696,0.54,69,35,2,5
321,f21e88ed-e23f-4071-9d5a-85ed1334fdb4,22,19,80,177,1,28.8506915,72.067018,1.009615385,0.54,64,35,2,5
322,f21e88ed-e23f-4071-9d5a-85ed1334fdb4,22,19,80,177,1,28.927106,71.889825,0.998293515,0.54,62,35,1,4
323,f21e88ed-e23f-4071-9d5a-85ed1334fdb4,23,19,80,177,1,29.0016455,71.705385,1.117549669,0.54,71,35,1,4
324,f21e88ed-e23f-4071-9d5a-85ed1334fdb4,23,19,80,177,1,29.078331,72.001212,1.026970954,0.54,67,35,2,5
325,f21e88ed-e23f-4071-9d5a-85ed1334fdb4,23,19,80,177,1,29.078331,72.001212,1.038461538,0.54,64,35,2,5
326,f21e88ed-e23f-4071-9d5a-85ed1334fdb4,23,19,80,177,1,29.172981,72.1909925,0.972972973,0.54,70,35,2,5
327,f21e88ed-e23f-4071-9d5a-85ed1334fdb4,23,19,80,177,1,29.254222,72.169632,1.022727273,0.54,61,35,2,5
328,f21e88ed-e23f-4071-9d5a-85ed1334fdb4,8,19,80,177,1,28.6314505,63.306055,1.046511628,0.54,80,32,1,4
329,f21e88ed-e23f-4071-9d5a-85ed1334fdb4,8,19,80,177,1,27.878016,57.2639975,1.095505618,0.54,74,32,0,3
330,f21e88ed-e23f-4071-9d5a-85ed1334fdb4,9,19,80,177,1,27.124277,50.813347,1.043046358,0.54,72,31,0,3
331,f21e88ed-e23f-4071-9d5a-85ed1334fdb4,9,19,80,177,1,26.262097,54.0142985,1.137640449,0.54,66,32,0,3
332,f21e88ed-e23f-4071-9d5a-85ed1334fdb4,9,19,80,177,1,26.2087715,53.2604735,1.136363636,0.54,73,32,0,3
333,f21e88ed-e23f-4071-9d5a-85ed1334fdb4,9,19,80,177,1,26.2087715,53.2604735,1.004464286,0.54,76,32,0,3
334,f21e88ed-e23f-4071-9d5a-85ed1334fdb4,9,19,80,177,1,26.2087715,53.2604735,1.5,0.54,68,32,0,3
335,f21e88ed-e23f-4071-9d5a-85ed1334fdb4,9,19,80,177,1,26.0636845,51.3499465,1.071428571,0.54,69,32,0,3
336,f21e88ed-e23f-4071-9d5a-85ed1334fdb4,10,19,80,177,1,25.891488,52.385002,1.121262458,0.54,61,32,0,3
337,f21e88ed-e23f-4071-9d5a-85ed1334fdb4,10,19,80,177,1,25.8101555,52.59375,1.012110727,0.54,70,32,0,3
338,f21e88ed-e23f-4071-9d5a-85ed1334fdb4,10,19,80,177,1,25.906979,54.7265895,1.161290323,0.54,72,33,0,3
339,f21e88ed-e23f-4071-9d5a-85ed1334fdb4,10,19,80,177,1,26.439064,59.940647,1.069042316,0.54,56,33,0,3
340,f21e88ed-e23f-4071-9d5a-85ed1334fdb4,11,19,80,177,1,24.6798485,46.972581,1.018360376,0.58,74,31,-1,2
341,f21e88ed-e23f-4071-9d5a-85ed1334fdb4,11,19,80,177,1,24.085798,45.20362,0.97826087,0.58,61,31,-2,1
342,f21e88ed-e23f-4071-9d5a-85ed1334fdb4,11,19,80,177,1,23.5260085,44.632688,1,0.58,67,31,-2,1
343,f21e88ed-e23f-4071-9d5a-85ed1334fdb4,11,19,80,177,1,23.089854,44.672319,1.060606061,0.58,57,30,-2,1
344,f21e88ed-e23f-4071-9d5a-85ed1334fdb4,12,19,80,177,1,22.6957055,44.315645,0.949675325,0.58,64,29,-2,1
345,f21e88ed-e23f-4071-9d5a-85ed1334fdb4,12,19,80,177,1,22.294408,44.537958,1.012110727,0.58,71,29,-2,1
346,f21e88ed-e23f-4071-9d5a-85ed1334fdb4,12,19,80,177,1,21.9684845,44.5315985,0.949675325,0.58,57,29,-2,1
347,f21e88ed-e23f-4071-9d5a-85ed1334fdb4,12,19,80,177,1,21.66848,44.636715,1.62295082,0.58,72,30,-2,1
348,f21e88ed-e23f-4071-9d5a-85ed1334fdb4,12,19,80,177,1,21.34643,45.4982015,1.06779661,0.58,72,28,-2,1
349,f21e88ed-e23f-4071-9d5a-85ed1334fdb4,12,19,80,177,1,21.10452,46.388934,1.081730769,0.58,56,29,-2,1
350,f21e88ed-e23f-4071-9d5a-85ed1334fdb4,13,19,80,177,1,20.9141475,46.7721,1.026058632,0.58,69,28,-3,0
351,f21e88ed-e23f-4071-9d5a-85ed1334fdb4,13,19,80,177,1,20.738675,47.0728245,1.029411765,0.58,61,28,-3,0
352,f21e88ed-e23f-4071-9d5a-85ed1334fdb4,13,19,80,177,1,20.5748175,47.351932,1.03960396,0.58,64,28,-2,1
353,f21e88ed-e23f-4071-9d5a-85ed1334fdb4,13,19,80,177,1,20.401132,47.600734,1.099348534,0.58,70,28,-3,0
354,f21e88ed-e23f-4071-9d5a-85ed1334fdb4,13,19,80,177,1,20.247404,47.9440575,1.043046358,0.58,67,28,-3,0
355,f21e88ed-e23f-4071-9d5a-85ed1334fdb4,13,19,80,177,1,20.178289,48.85577,1.049562682,0.58,56,28,-3,0
356,f21e88ed-e23f-4071-9d5a-85ed1334fdb4,14,19,80,177,1,20.1350915,49.6473195,1.061320755,0.58,61,28,-3,0
357,f21e88ed-e23f-4071-9d5a-85ed1334fdb4,14,19,80,177,1,20.091594,50.178835,0.9375,0.58,71,28,-2,1
358,f21e88ed-e23f-4071-9d5a-85ed1334fdb4,14,19,80,177,1,20.0385635,50.5202505,1.046511628,0.58,73,28,-3,0
359,f21e88ed-e23f-4071-9d5a-85ed1334fdb4,14,19,80,177,1,19.982555,50.6346915,1.032786885,0.58,59,28,-3,0
360,f21e88ed-e23f-4071-9d5a-85ed1334fdb4,14,19,80,177,1,19.9220785,50.676652,0.988175676,0.58,64,27,-3,0
361,f21e88ed-e23f-4071-9d5a-85ed1334fdb4,14,19,80,177,1,19.8618975,50.6883085,1.026058632,0.58,65,28,-2,1
362,f21e88ed-e23f-4071-9d5a-85ed1334fdb4,15,19,80,177,1,19.789502,50.7419265,0.990566038,0.58,72,28,-3,0
363,f21e88ed-e23f-4071-9d5a-85ed1334fdb4,15,19,80,177,1,19.753753,50.789187,1.03960396,0.58,53,28,-3,0
364,f21e88ed-e23f-4071-9d5a-85ed1334fdb4,15,19,80,177,1,19.7084675,50.8167375,1.002785515,0.58,69,27,-3,0
365,f21e88ed-e23f-4071-9d5a-85ed1334fdb4,15,19,80,177,1,19.634586,50.957033,1.066810345,0.58,61,28,0,3
366,f21e88ed-e23f-4071-9d5a-85ed1334fdb4,15,19,80,177,1,19.573809,51.289547,1.029411765,0.58,70,28,-3,0
367,f21e88ed-e23f-4071-9d5a-85ed1334fdb4,15,19,80,177,1,19.523461,51.4559095,1.036184211,0.58,55,28,-3,0
368,f21e88ed-e23f-4071-9d5a-85ed1334fdb4,16,19,80,177,1,19.53925,53.3202375,1.065789474,0.58,77,28,-3,0
369,f21e88ed-e23f-4071-9d5a-85ed1334fdb4,16,19,80,177,1,19.584237,53.8004665,1.039915966,0.58,55,28,-3,0
370,f21e88ed-e23f-4071-9d5a-85ed1334fdb4,16,19,80,177,1,19.607476,54.0560515,1.03960396,0.58,74,28,0,3
371,f21e88ed-e23f-4071-9d5a-85ed1334fdb4,16,19,80,177,1,19.59526,54.27137,1,0.58,60,28,-3,0
372,f21e88ed-e23f-4071-9d5a-85ed1334fdb4,16,19,80,177,1,19.6155185,54.3493575,1.046511628,0.58,61,28,-2,1
373,f21e88ed-e23f-4071-9d5a-85ed1334fdb4,16,19,80,177,1,19.6241575,54.257805,1.026058632,0.58,64,28,-3,0
374,f21e88ed-e23f-4071-9d5a-85ed1334fdb4,17,19,80,177,1,19.6068795,54.1473905,1.078767123,0.58,64,28,-3,0
